Security Code,Security Name,Company Name,Ex Date,Purpose,Record Date,BC Start Date, BC End Date	,ND Start Date,ND End Date,Actual Payment Date
522073,HITECHGEAR,The Hi-Tech Gears Ltd,03 Jul 2000,-,-,18 Jul 2000,25 Jul 2000,03 Jul 2000,14 Jul 2000,-
500820,ASIANPAINT,ASIAN PAINTS LTD.,02 Aug 2000,Bonus issue 3:5       ,-,17 Aug 2000,24 Aug 2000,02 Aug 2000,11 Aug 2000,-
522074,ELGIEQUIP,ELGI EQUIPMENTS LTD.,02 Aug 2000,Bonus issue 1:1       ,-,17 Aug 2000,31 Aug 2000,02 Aug 2000,11 Aug 2000,-
526089,ROOFITIND,ROOFIT INDUSTRIES LTD.,11 Sep 2000,Bonus issue 1:1       ,-,25 Sep 2000,04 Oct 2000,11 Sep 2000,22 Sep 2000,-
505890,KENNAMET,KENNAMETAL INDIA LTD.-$,19 Sep 2000,Bonus issue 1:1       ,04 Oct 2000,-,-,19 Sep 2000,29 Sep 2000,-
523886,MICROINK,MICRO INKS LTD.,30 Oct 2000,Bonus issue 1:1       ,14 Nov 2000,-,-,30 Oct 2000,10 Nov 2000,-
517334,MOTHERSUMI,MOTHERSON SUMI SYSTEMS LTD.,15 Nov 2000,Bonus issue 1:2       ,30 Nov 2000,-,-,15 Nov 2000,28 Nov 2000,-
500873,KOCHIREF,KOCHI REFINERIES LTD.,16 Nov 2000,Bonus issue 1:1       ,01 Dec 2000,-,-,16 Nov 2000,29 Nov 2000,-
507777,SILTP,SILTAP CHEMICALS LTD.,27 Nov 2000,Bonus issue 1:2       ,12 Dec 2000,-,-,27 Nov 2000,08 Dec 2000,-
526089,ROOFITIND,ROOFIT INDUSTRIES LTD.,30 Nov 2000,Bonus issue 1:1       ,15 Dec 2000,-,-,30 Nov 2000,13 Dec 2000,-
531936,BLUECHIP,BLUE CHIP INDIA LTD.,01 Dec 2000,Bonus issue 2:5       ,16 Dec 2000,-,-,01 Dec 2000,14 Dec 2000,-
530517,RELAXO,RELAXO FOOTWEARS LTD.-$,08 Dec 2000,Bonus issue 1:1       ,23 Dec 2000,-,-,08 Dec 2000,20 Dec 2000,-
500547,BPCL,BHARAT PETROLEUM CORPORATION LTD.,20 Dec 2000,Bonus issue 1:1       ,05 Jan 2001,-,-,20 Dec 2000,03 Jan 2001,-
500135,ESSELPRO,ESSEL PROPACK LTD.,21 Dec 2000,Bonus issue 3:5       ,06 Jan 2001,-,-,21 Dec 2000,04 Jan 2001,-
532211,SUNEARTH,SUN EARTH CERAMICS LTD.,05 Feb 2001,Bonus issue 1:1       ,20 Feb 2001,-,-,05 Feb 2001,14 Feb 2001,-
500116,IDBI,IDBI BANK LTD.,12 Feb 2001,Bonus issue 3:5       ,26 Feb 2001,-,-,12 Feb 2001,23 Feb 2001,-
532285,GEOJITFSL,Geojit Financial Services Ltd,13 Feb 2001,Bonus issue 1:1       ,01 Mar 2001,-,-,13 Feb 2001,26 Feb 2001,-
501150,CENTRUM,CENTRUM CAPITAL LTD.,27 Mar 2001,Bonus issue 2:1       ,17 Apr 2001,-,-,27 Mar 2001,12 Apr 2001,-
512267,MMWL,MEDIA MATRIX WORLDWIDE LTD.,14 Jun 2001,Bonus issue 2:1       ,29 Jun 2001,-,-,14 Jun 2001,27 Jun 2001,-
532254,POLARIS,Polaris Consulting & Services Limited,04 Jul 2001,Bonus issue 1:2       ,19 Jul 2001,-,-,04 Jul 2001,17 Jul 2001,-
524084,MONSANTO,MONSANTO INDIA LTD.,13 Aug 2001,Bonus issue 1:1       ,31 Aug 2001,-,-,13 Aug 2001,29 Aug 2001,-
517530,SURANAT&P,Surana Telecom And Power Limited,13 Aug 2001,Bonus issue 3:2       ,31 Aug 2001,-,-,13 Aug 2001,29 Aug 2001,-
515030,ASAHIINDIA,ASAHI INDIA GLASS LTD.,14 Aug 2001,Bonus issue 1:1       ,01 Sep 2001,-,-,14 Aug 2001,30 Aug 2001,-
509069,INFOMEDIA,INFOMEDIA PRESS LTD.,29 Aug 2001,-,13 Sep 2001,-,-,29 Aug 2001,11 Sep 2001,-
532308,EONOUR,EONOUR TECHNOLOGIES LTD.,04 Sep 2001,Bonus issue 2:1       ,19 Sep 2001,-,-,04 Sep 2001,17 Sep 2001,-
530149,KSLIND,KSL AND INDUSTRIES LTD.-$,11 Sep 2001,-,-,26 Sep 2001,28 Sep 2001,11 Sep 2001,24 Sep 2001,-
530049,JJEXPO,J.J.EXPORTERS LTD.,17 Sep 2001,Bonus issue 1:2       ,01 Oct 2001,-,-,17 Sep 2001,27 Sep 2001,-
531209,NUCLEUS,NUCLEUS SOFTWARE EXPORTS LTD.,17 Sep 2001,Bonus issue 1:2       ,01 Oct 2001,-,-,17 Sep 2001,27 Sep 2001,-
530555,PARACABLES,PARAMOUNT COMMUNICATIONS LTD.-$,20 Sep 2001,Bonus issue 2:5       ,05 Oct 2001,-,-,20 Sep 2001,03 Oct 2001,-
523261,VENKYS,VENKY'S (INDIA) LTD.,10 Oct 2001,Bonus issue 1:3       ,25 Oct 2001,-,-,10 Oct 2001,22 Oct 2001,-
523151,OTCO,OTCO INTERNATIONAL LTD.,16 Oct 2001,Bonus issue 2:1       ,31 Oct 2001,-,-,16 Oct 2001,29 Oct 2001,-
531933,WASHISOF,WASHINGTON SOFTWARES LTD.,09 Nov 2001,Bonus issue 1:2       ,28 Nov 2001,-,-,09 Nov 2001,23 Nov 2001,-
531120,PATELENG,PATEL ENGINEERING LTD.-$,13 Nov 2001,Bonus issue 1:2       ,30 Nov 2001,-,-,13 Nov 2001,27 Nov 2001,-
517536,ONWARDTEC,ONWARD TECHNOLOGIES LTD.,20 Nov 2001,Bonus issue 3:2       ,05 Dec 2001,-,-,20 Nov 2001,03 Dec 2001,-
505840,JAIPAN,JAIPAN INDUSTRIES LTD.,10 Dec 2001,Bonus issue 1:1       ,-,23 Dec 2001,30 Dec 2001,10 Dec 2001,20 Dec 2001,-
532440,MPSLTD,MPS LTD.,31 Dec 2001,Bonus issue 1:1       ,18 Jan 2002,-,-,31 Dec 2001,21 Jan 2002,-
532323,SHIVACEM,SHIVA CEMENT LTD.,30 Jan 2002,Bonus issue 1:2       ,12 Feb 2002,-,-,30 Jan 2002,07 Feb 2002,-
520008,RICOAUTO,RICO AUTO INDUSTRIES LTD.,13 Mar 2002,Bonus issue 1:1       ,27 Mar 2002,-,-,13 Mar 2002,20 Mar 2002,-
509650,ZHINDHSG,HINDUSTAN HOUSING CO.LTD.,06 Sep 2002,Bonus issue 3:1       ,27 Sep 2002,-,-,06 Sep 2002,01 Oct 2002,-
511246,WHITELIO,WHITE LION ASIA LTD.,17 Sep 2002,Bonus issue 1:5       ,-,26 Sep 2002,30 Sep 2002,17 Sep 2002,24 Sep 2002,-
531823,ARVINDREM$,ARVIND REMEDIES LTD.,23 Sep 2002,-,-,01 Oct 2002,10 Oct 2002,23 Sep 2002,26 Sep 2002,-
590003,KARURVYSYA,KARUR VYSYA BANK LTD.,21 Oct 2002,Bonus issue 1:1       ,28 Oct 2002,-,-,21 Oct 2002,25 Oct 2002,-
512167,MATRAREAL,MATRA REALTY LTD.,21 Oct 2002,Bonus issue 1:2       ,08 Nov 2002,-,-,21 Oct 2002,13 Nov 2002,-
501630,ANANDPROJ,Anand Projects Ltd,14 Jan 2003,Bonus issue 4 : 3     ,01 Feb 2003,-,-,14 Jan 2003,06 Feb 2003,-
501700,INDIANVSH,INDIANIVESH LTD.,14 Jan 2003,Bonus issue 1 : 1     ,01 Feb 2003,-,-,14 Jan 2003,06 Feb 2003,-
504351,EMPOWER,EMPOWER INDIA LTD.,03 Feb 2003,Bonus issue 9:1       ,-,21 Feb 2003,24 Feb 2003,03 Feb 2003,26 Feb 2003,-
504882,Â NATIONSTD,NATIONAL STANDARD (INDIA) LTD.,26 May 2003,Bonus issue 3:2       ,-,12 Jun 2003,16 Jun 2003,26 May 2003,18 Jun 2003,-
503693,SOLITIN,SOLITAIRE INVESTMENTS CO.LTD.,12 Aug 2003,Bonus issue 7:1       ,29 Aug 2003,-,-,12 Aug 2003,04 Sep 2003,-
507405,VISHNSG,VISHNU SUGAR MILLS LTD.,13 Aug 2003,Bonus issue 3:1       ,-,02 Sep 2003,05 Sep 2003,13 Aug 2003,10 Sep 2003,-
506142,VYAPAR,VYAPAR INDUSTRIES LTD.,04 Sep 2003,Bonus issue 4:1       ,-,22 Sep 2003,29 Sep 2003,04 Sep 2003,26 Sep 2003,-
507405,VISHNSG,VISHNU SUGAR MILLS LTD.,06 Oct 2003,Bonus issue 3:1       ,23 Oct 2003,-,-,06 Oct 2003,29 Oct 2003,-
500250,LGBBROSLTD,L.G.BALAKRISHNAN & BROS.LTD.,09 Dec 2003,Bonus issue 1:1       ,17 Dec 2003,-,-,09 Dec 2003,17 Dec 2003,-
532509,SUPRAJIT,SUPRAJIT ENGINEERING LTD.-$,16 Mar 2004,Bonus issue 1:1       ,23 Mar 2004,-,-,16 Mar 2004,23 Mar 2004,-
506690,UNICHEMLAB,UNICHEM LABORATORIES LTD.,16 Mar 2004,Bonus issue 1:1       ,24 Mar 2004,-,-,16 Mar 2004,24 Mar 2004,-
532300,WOCKPHARMA,WOCKHARDT LTD.,28 Apr 2004,Bonus issue 1:2       ,-,07 May 2004,11 May 2004,28 Apr 2004,05 May 2004,-
526109,PRICOL,Pricol   Ltd,07 Jul 2004,Bonus issue 1:2       ,15 Jul 2004,-,-,07 Jul 2004,14 Jul 2004,-
507789,JAGSNPHARM,JAGSONPAL PHARMACEUTICALS LTD.,20 Jul 2004,Bonus issue 3:1       ,28 Jul 2004,-,-,20 Jul 2004,28 Jul 2004,-
522034,SHANTIGEAR,SHANTHI GEARS LTD.,27 Jul 2004,Bonus issue 1:1       ,03 Aug 2004,-,-,27 Jul 2004,03 Aug 2004,-
509895,HINDMILL,HINDOOSTAN MILLS LTD.,01 Oct 2004,Bonus issue 1:2       ,15 Oct 2004,-,-,01 Oct 2004,19 Oct 2004,-
512233,JAYTEX,JAYBHARAT TEXTILES & REAL ESTATE LTD.,12 Oct 2004,Bonus issue 31:10     ,25 Oct 2004,-,-,12 Oct 2004,28 Oct 2004,-
516108,STHINPA,SOUTH INDIA PAPER MILLS LTD.,14 Oct 2004,Bonus issue 1:1       ,27 Oct 2004,-,-,14 Oct 2004,01 Nov 2004,-
531120,PATELENG,PATEL ENGINEERING LTD.-$,25 Oct 2004,Bonus issue 1:1       ,01 Nov 2004,-,-,25 Oct 2004,29 Oct 2004,-
524038,VENLONENT,VENLON ENTERPRISES LTD.,27 Oct 2004,Bonus issue 4:5       ,03 Nov 2004,-,-,27 Oct 2004,02 Nov 2004,-
524794,MATRIXLAB$,MATRIX LABORATORIES LTD.,13 Jan 2005,Bonus issue 1:1,20 Jan 2005,-,-,13 Jan 2005,19 Jan 2005,-
503699,GEODESIC,GEODESIC LTD.,18 Feb 2005,Bonus issue 1:1,25 Feb 2005,-,-,18 Feb 2005,24 Feb 2005,-
523596,IRCONIN,IRCON INTERNATIONAL LTD.,18 Feb 2005,Bonus issue 1:1,-,03 Mar 2005,04 Mar 2005,18 Feb 2005,08 Mar 2005,-
501421,TECHNVISN,TECHNVISION VENTURES LTD.,02 Mar 2005,Bonus issue 10:1,14 Mar 2005,-,-,02 Mar 2005,17 Mar 2005,-
513097,SHBCLQ,SHIVALIK BIMETAL CONTROLS LTD.,15 Mar 2005,Bonus issue 1:1,22 Mar 2005,-,-,15 Mar 2005,21 Mar 2005,-
509020,RUCHINFRA,RUCHI INFRASTRUCTURE LTD.,21 Apr 2005,Bonus issue 3:1,29 Apr 2005,-,-,21 Apr 2005,28 Apr 2005,-
500425,AMBUJACEM,AMBUJA CEMENTS LTD.,20 Jun 2005,Bonus issue 1:2,25 Jun 2005,-,-,20 Jun 2005,23 Jun 2005,-
530363,UGARSUGAR,UGAR SUGAR WORKS LTD.-$,29 Jun 2005,Bonus issue 3:5,06 Jul 2005,-,-,29 Jun 2005,05 Jul 2005,-
512233,JAYTEX,JAYBHARAT TEXTILES & REAL ESTATE LTD.,01 Aug 2005,Bonus issue 9:1,12 Aug 2005,-,-,01 Aug 2005,17 Aug 2005,-
522205,PRAJIND,PRAJ INDUSTRIES LTD.,17 Aug 2005,Bonus issue 1:1,24 Aug 2005,-,-,17 Aug 2005,23 Aug 2005,-
503655,AEONIA,AEONIAN INVESTMENTS CO.LTD.,25 Aug 2005,Bonus issue 3:1,01 Sep 2005,-,-,25 Aug 2005,31 Aug 2005,-
500875,ITC,ITC LTD.,21 Sep 2005,Bonus issue 1:2,28 Sep 2005,-,-,21 Sep 2005,27 Sep 2005,-
532493,ASTRAMICRO,ASTRA MICROWAVE PRODUCTS LTD.,07 Oct 2005,Bonus issue 1:1,15 Oct 2005,-,-,07 Oct 2005,13 Oct 2005,-
523367,DCMSHRIRAM,DCM Shriram Limited,07 Oct 2005,Bonus issue 1:1,17 Oct 2005,-,-,07 Oct 2005,14 Oct 2005,-
506685,ULTRAMAR,ULTRAMARINE & PIGMENTS LTD.-$,10 Oct 2005,Bonus issue 3:5,18 Oct 2005,-,-,10 Oct 2005,17 Oct 2005,-
514043,HIMATSEIDE,HIMATSINGKA SEIDE LTD.,14 Oct 2005,Bonus issue 1:1,21 Oct 2005,-,-,14 Oct 2005,20 Oct 2005,-
532607,ONTRACK,ONTRACK SYSTEMS LTD.,14 Oct 2005,Bonus issue 1:2,21 Oct 2005,-,-,14 Oct 2005,20 Oct 2005,-
521176,GANGOTRI,GANGOTRI TEXTILES LTD.,24 Oct 2005,Bonus issue 1:1,31 Oct 2005,-,-,24 Oct 2005,27 Oct 2005,-
531565,INDOPACIFIC,Indo Pacific Projects Ltd,26 Oct 2005,Bonus issue 1:1,07 Nov 2005,-,-,26 Oct 2005,02 Nov 2005,-
512093,CRANESSOFT,CRANES SOFTWARE INTERNATIONAL LTD.,02 Nov 2005,Bonus issue 1:1,11 Nov 2005,-,-,02 Nov 2005,10 Nov 2005,-
512349,LINKH,LINKHOUSE INDUSTRIES LTD.,02 Nov 2005,Bonus issue 1:1,11 Nov 2005,-,-,02 Nov 2005,10 Nov 2005,-
503100,PHOENIXLTD,The Phoenix Mills Ltd,09 Dec 2005,Bonus issue 4:1,16 Dec 2005,-,-,09 Dec 2005,15 Dec 2005,-
509040,NETLINK,NETLINK SOLUTIONS (INDIA) LTD.,13 Jan 2006,Bonus issue 2:1,20 Jan 2006,-,-,13 Jan 2006,19 Jan 2006,-
500430,UNITEDWESTB,UNITED WESTERN BANK LTD.,17 Jan 2006,Bonus issue 1:5,-,24 Jan 2006,25 Jan 2006,17 Jan 2006,23 Jan 2006,-
512519,DONEAR,DONEAR INDUSTRIES LTD.-$,27 Jan 2006,Bonus issue 1:1,03 Feb 2006,-,-,27 Jan 2006,02 Feb 2006,-
532613,VIPCLOTHNG,VIP Clothing Ltd,16 Feb 2006,Bonus issue 3:4,23 Feb 2006,-,-,16 Feb 2006,22 Feb 2006,-
500420,TORNTPHARM,TORRENT PHARMACEUTICALS LTD.,20 Feb 2006,Bonus issue 1:1,27 Feb 2006,-,-,20 Feb 2006,24 Feb 2006,-
503101,MARATHON,MARATHON NEXTGEN REALTY LTD.,16 Mar 2006,Bonus issue 4:1,29 Mar 2006,-,-,16 Mar 2006,03 Apr 2006,-
503205,SHREERAM,SHREE RAM URBAN INFRASTRUCTURE LTD.,17 Mar 2006,Bonus issue 1:5,31 Mar 2006,-,-,17 Mar 2006,04 Apr 2006,-
500900,STERLITEIND,STERLITE INDUSTRIES (INDIA) LTD.,05 May 2006,Bonus issue 1:1,12 May 2006,-,-,05 May 2006,11 May 2006,-
506076,GRINDWELL,GRINDWELL NORTON LTD.-$,26 May 2006,Bonus issue 1:1,02 Jun 2006,-,-,26 May 2006,01 Jun 2006,-
500298,NATPEROX,NATIONAL PEROXIDE LTD.,26 May 2006,Bonus issue 3:2,02 Jun 2006,-,-,26 May 2006,01 Jun 2006,-
507878,UNITECH,UNITECH LTD.,23 Jun 2006,Bonus issue 12:1,30 Jun 2006,-,-,23 Jun 2006,29 Jun 2006,-
532175,CYIENT,Cyient Limited,28 Jul 2006,Bonus issue 1:2,04 Aug 2006,-,-,28 Jul 2006,03 Aug 2006,-
506260,ANUHPHR,ANUH PHARMA LTD.,31 Jul 2006,Bonus issue 1:1,07 Aug 2006,-,-,31 Jul 2006,04 Aug 2006,-
505530,PRISMINFO,PRISM INFORMATICS LTD.,09 Aug 2006,Bonus issue 2:1,21 Aug 2006,-,-,09 Aug 2006,24 Aug 2006,-
500840,EIHOTEL,EIH LTD.,12 Sep 2006,Bonus issue 1:2,19 Sep 2006,-,-,12 Sep 2006,18 Sep 2006,-
507405,VISHNSG,VISHNU SUGAR MILLS LTD.,13 Oct 2006,Bonus issue 1:1,27 Oct 2006,-,-,13 Oct 2006,01 Nov 2006,-
513012,ZJEETMAC,JEET MACHINE TOOLS LTD.,02 Nov 2006,Bonus issue 7:1,15 Nov 2006,-,-,02 Nov 2006,20 Nov 2006,-
511024,ZSUBWAYF,SUBWAY FINANCE & INVESTMENT CO.LTD.,02 Nov 2006,Bonus issue 7:2,15 Nov 2006,-,-,02 Nov 2006,20 Nov 2006,-
532400,KPIT,KPIT Technologies Limited,04 Jan 2007,Bonus issue 1:1,11 Jan 2007,-,-,04 Jan 2007,10 Jan 2007,-
512018,CNIRESLTD,CNI RESEARCH LTD.,08 Jan 2007,Bonus issue 1:2,15 Jan 2007,-,-,08 Jan 2007,12 Jan 2007,-
532626,PONDYOXIDE,PONDY OXIDES & CHEMICALS LTD.,15 Jan 2007,Bonus issue 1:10,20 Jan 2007,-,-,15 Jan 2007,18 Jan 2007,-
511726,VIPUL,VIPUL LTD.,08 Mar 2007,Bonus issue 1:1,22 Mar 2007,-,-,08 Mar 2007,26 Mar 2007,-
531276,BOMSS,BOMBAY SWADESHI STORES LTD.,20 Mar 2007,Bonus issue 1:3,28 Mar 2007,-,-,20 Mar 2007,26 Mar 2007,-
505509,RESPONIND,RESPONSIVE INDUSTRIES LTD.,22 Mar 2007,Bonus issue 3:1,05 Apr 2007,-,-,22 Mar 2007,10 Apr 2007,-
530239,SUVEN,SUVEN LIFE SCIENCES LTD.,23 Mar 2007,Bonus issue 1:1,02 Apr 2007,-,-,23 Mar 2007,29 Mar 2007,-
505658,REMIPRO,REMI PROCESS PLANT & MACHINERY LTD.,16 Apr 2007,Bonus issue 3:1,28 Apr 2007,-,-,16 Apr 2007,30 Apr 2007,-
523229,BHARATSE,BHARAT SEATS LTD.-$,28 Jun 2007,Bonus issue 1:1,05 Jul 2007,-,-,28 Jun 2007,04 Jul 2007,-
532318,GEMINI,GEMINI COMMUNICATION LTD.,17 Jul 2007,Bonus issue 1:1,18 Jul 2007,-,-,11 Jul 2007,17 Jul 2007,-
517140,MOSERBAER,MOSER BAER INDIA LTD.,17 Jul 2007,Bonus issue 1:2,18 Jul 2007,-,-,11 Jul 2007,17 Jul 2007,-
522205,PRAJIND,PRAJ INDUSTRIES LTD.,18 Jul 2007,Bonus issue 1:1,-,20 Jul 2007,25 Jul 2007,13 Jul 2007,19 Jul 2007,-
532733,SUNTV,SUN TV NETWORK LTD.,23 Jul 2007,Bonus issue 1:1,-,28 Jul 2007,06 Aug 2007,23 Jul 2007,26 Jul 2007,-
532622,GDL,GATEWAY DISTRIPARKS LTD.,02 Aug 2007,Bonus issue 1:4,03 Aug 2007,-,-,27 Jul 2007,02 Aug 2007,-
531209,NUCLEUS,NUCLEUS SOFTWARE EXPORTS LTD.,03 Aug 2007,Bonus issue 1:1,06 Aug 2007,-,-,30 Jul 2007,03 Aug 2007,-
500019,BOR,BANK OF RAJASTHAN LTD.,16 Aug 2007,Bonus issue 1:4,-,18 Aug 2007,03 Sep 2007,10 Aug 2007,14 Aug 2007,-
503699,GEODESIC,GEODESIC LTD.,17 Aug 2007,Bonus issue 1:2,21 Aug 2007,-,-,13 Aug 2007,20 Aug 2007,-
512167,MATRAREAL,MATRA REALTY LTD.,17 Aug 2007,Bonus issue 5:1,27 Aug 2007,-,-,17 Aug 2007,24 Aug 2007,-
517063,JETKINGQ,JETKING INFOTRAIN LTD.,22 Aug 2007,Bonus issue 1:1,23 Aug 2007,-,-,16 Aug 2007,22 Aug 2007,-
500304,NIITLTD,NIIT LTD.,24 Aug 2007,Bonus issue 1:2,31 Aug 2007,-,-,24 Aug 2007,30 Aug 2007,-
532628,3IINFOTECH,3I INFOTECH LTD.,27 Aug 2007,Bonus issue 1:1,28 Aug 2007,-,-,21 Aug 2007,27 Aug 2007,-
500031,BAJAJELEC,BAJAJ ELECTRICALS LTD.-$,28 Aug 2007,Bonus issue 1:1,29 Aug 2007,-,-,22 Aug 2007,28 Aug 2007,-
500039,BANCOINDIA,BANCO PRODUCTS (INDIA) LTD.-$,30 Aug 2007,Bonus issue 1:1,31 Aug 2007,-,-,24 Aug 2007,30 Aug 2007,-
517334,MOTHERSUMI,MOTHERSON SUMI SYSTEMS LTD.,30 Aug 2007,Bonus issue 1:2,31 Aug 2007,-,-,24 Aug 2007,30 Aug 2007,-
532541,NIITTECH,NIIT TECHNOLOGIES LTD.,30 Aug 2007,Bonus issue 1:2,31 Aug 2007,-,-,24 Aug 2007,30 Aug 2007,-
507878,UNITECH,UNITECH LTD.,30 Aug 2007,Bonus issue 1:1,31 Aug 2007,-,-,24 Aug 2007,30 Aug 2007,-
590057,PROSEED,Proseed India Ltd,31 Aug 2007,Bonus issue 1:1,03 Sep 2007,-,-,27 Aug 2007,31 Aug 2007,-
512233,JAYTEX,JAYBHARAT TEXTILES & REAL ESTATE LTD.,03 Sep 2007,Bonus issue 1:1,04 Sep 2007,-,-,28 Aug 2007,03 Sep 2007,-
531638,SURAJLTD,SURAJ LTD.-$,14 Sep 2007,Bonus issue 2:1,17 Sep 2007,-,-,10 Sep 2007,14 Sep 2007,-
513303,MDRNSTL,MODERN STEELS LTD.-$,28 Sep 2007,Bonus issue 3:2,01 Oct 2007,-,-,24 Sep 2007,28 Sep 2007,-
519287,MODAIRY,MODERN DAIRIES LTD.,28 Sep 2007,Bonus issue 1:1,01 Oct 2007,-,-,24 Sep 2007,28 Sep 2007,-
532389,VALECHAENG,VALECHA ENGINEERING LTD.-$,04 Oct 2007,Bonus issue 1:2,05 Oct 2007,-,-,27 Sep 2007,04 Oct 2007,-
512237,JAICORPLTD,JAI CORP LTD.,05 Oct 2007,Bonus issue 1:1,12 Oct 2007,-,-,05 Oct 2007,11 Oct 2007,-
505700,ELECON,ELECON ENGINEERING CO.LTD.,10 Oct 2007,Bonus issue 2:1,11 Oct 2007,-,-,04 Oct 2007,10 Oct 2007,-
503101,MARATHON,MARATHON NEXTGEN REALTY LTD.,12 Oct 2007,Bonus issue 2:1,15 Oct 2007,-,-,08 Oct 2007,12 Oct 2007,-
532686,KERNEX,KERNEX MICROSYSTEMS (INDIA) LTD.,16 Oct 2007,Bonus issue 1:10,17 Oct 2007,-,-,10 Oct 2007,16 Oct 2007,-
532299,TV18,TELEVISION EIGHTEEN INDIA LTD.,17 Oct 2007,Bonus issue 1:1,18 Oct 2007,-,-,11 Oct 2007,17 Oct 2007,-
527001,ASHAPURMIN,ASHAPURA MINECHEM LTD.,18 Oct 2007,Bonus issue 1:1,19 Oct 2007,-,-,12 Oct 2007,18 Oct 2007,-
532605,JBMA,JBM AUTO LTD.,24 Oct 2007,Bonus issue 1:2,25 Oct 2007,-,-,18 Oct 2007,24 Oct 2007,-
500243,KIRLOSIND,Kirloskar Industries Ltd,25 Oct 2007,Bonus issue 1:1,27 Oct 2007,-,-,22 Oct 2007,25 Oct 2007,-
532391,OPTOCIRCUI,OPTO CIRCUITS (INDIA) LTD.,25 Oct 2007,Bonus issue 1:2,26 Oct 2007,-,-,19 Oct 2007,25 Oct 2007,-
505526,DOLAT,DOLAT INVESTMENTS LTD.,29 Oct 2007,Bonus issue 1:1,30 Oct 2007,-,-,23 Oct 2007,29 Oct 2007,-
531591,BAMPSL,BAMPSL SECURITIES LTD.,02 Nov 2007,Bonus issue 2:5,05 Nov 2007,-,-,29 Oct 2007,02 Nov 2007,-
524689,PARENTLD,PARENTERAL DRUGS (INDIA) LTD.-$,02 Nov 2007,Bonus issue 1:1,05 Nov 2007,-,-,29 Oct 2007,02 Nov 2007,-
512018,CNIRESLTD,CNI RESEARCH LTD.,05 Nov 2007,Bonus issue 1:2,06 Nov 2007,-,-,30 Oct 2007,05 Nov 2007,-
517973,DMCEDU,DMC Education Ltd,12 Nov 2007,Bonus issue 1:1,13 Nov 2007,-,-,05 Nov 2007,12 Nov 2007,-
505506,AXONVL,Axon Ventures Ltd,15 Nov 2007,Bonus issue 3:1,16 Nov 2007,-,-,08 Nov 2007,15 Nov 2007,-
590043,HARITASEAT,HARITA SEATING SYSTEMS LTD.-$,15 Nov 2007,Bonus issue 1:1,16 Nov 2007,-,-,08 Nov 2007,15 Nov 2007,-
524200,VINATIORGA,VINATI ORGANICS LTD.-$,22 Nov 2007,Bonus issue 1:2,23 Nov 2007,-,-,16 Nov 2007,22 Nov 2007,-
511736,USHDI,USHDEV INTERNATIONAL LTD.,05 Dec 2007,Bonus issue 1:1,06 Dec 2007,-,-,29 Nov 2007,05 Dec 2007,-
503685,MEDIAONE,MEDIAONE GLOBAL ENTERTAINMENT LTD.,12 Dec 2007,Bonus issue 5:1,24 Dec 2007,-,-,12 Dec 2007,27 Dec 2007,-
531233,RASIELEC,RASI ELECTRODES LTD.,19 Dec 2007,Bonus issue 2:5,20 Dec 2007,-,-,13 Dec 2007,19 Dec 2007,-
506525,KANORICHEM,KANORIA CHEMICALS & INDUSTRIES LTD.,31 Dec 2007,Bonus issue 1:2,07 Jan 2008,-,-,31 Dec 2007,04 Jan 2008,-
505690,BRADYM,BRADY & MORRIS ENGINEERING CO.LTD.,03 Jan 2008,Bonus issue 1:2,04 Jan 2008,-,-,28 Dec 2007,03 Jan 2008,-
530077,FRSHTRP,FRESHTROP FRUITS LTD.,03 Jan 2008,Bonus issue 1:1,04 Jan 2008,-,-,28 Dec 2007,03 Jan 2008,-
501391,WHBRADY,W.H.BRADY & CO.LTD.,03 Jan 2008,Bonus issue 1:2,04 Jan 2008,-,-,28 Dec 2007,03 Jan 2008,-
531223,ANJANI,ANJANI SYNTHETICS LTD.-$,10 Jan 2008,Bonus issue 1:1,11 Jan 2008,-,-,04 Jan 2008,10 Jan 2008,-
518017,BHEEMACEM,BHEEMA CEMENTS LTD.,17 Jan 2008,Bonus issue 7:4,31 Jan 2008,-,-,17 Jan 2008,05 Feb 2008,-
500366,ROLTA,ROLTA INDIA LTD.,24 Jan 2008,Bonus issue 1:1,25 Jan 2008,-,-,18 Jan 2008,24 Jan 2008,-
508996,SATRAPROP,SATRA PROPERTIES (INDIA) LTD.,24 Jan 2008,Bonus issue 2:1,25 Jan 2008,-,-,18 Jan 2008,24 Jan 2008,-
531500,RAJESHEXPO,RAJESH EXPORTS LTD.,29 Jan 2008,Bonus issue 2:1,05 Feb 2008,-,-,29 Jan 2008,04 Feb 2008,-
532114,AREALTY,ALCHEMIST REALTY LTD.,06 Feb 2008,Bonus issue 1:1,07 Feb 2008,-,-,31 Jan 2008,06 Feb 2008,-
523716,ASHIANA,ASHIANA HOUSING LTD.-$,21 Feb 2008,Bonus issue 5:2,22 Feb 2008,-,-,15 Feb 2008,21 Feb 2008,-
507410,WALCHANNAG,WALCHANDNAGAR INDUSTRIES LTD.,25 Feb 2008,Bonus issue 1:1,03 Mar 2008,-,-,25 Feb 2008,29 Feb 2008,-
532911,PARLESOFT,PARLE SOFTWARE LTD.,28 Feb 2008,Bonus issue 3:1,-,03 Mar 2008,05 Mar 2008,25 Feb 2008,29 Feb 2008,-
500550,SIEMENS,SIEMENS LTD.,29 Feb 2008,Bonus issue 1:1,03 Mar 2008,-,-,25 Feb 2008,29 Feb 2008,-
531175,BLSINFOTE,BLS INFOTECH LTD.,17 Mar 2008,Bonus issue 3:8,18 Mar 2008,-,-,11 Mar 2008,17 Mar 2008,-
503657,VEERENRGY,VEER ENERGY & INFRASTRUCTURE LTD.,17 Mar 2008,Bonus issue 9:5,29 Mar 2008,-,-,17 Mar 2008,02 Apr 2008,-
512531,STCINDIA,STATE TRADING CORPORATION OF INDIA LTD.,19 Mar 2008,Bonus issue 1:1,24 Mar 2008,-,-,13 Mar 2008,19 Mar 2008,-
502465,SPECIAPP,SPECIALITY PAPERS LTD.,15 Apr 2008,Bonus issue 1:1,16 Apr 2008,-,-,08 Apr 2008,15 Apr 2008,-
531344,CONCOR,CONTAINER CORPORATION OF INDIA LTD.,16 Apr 2008,Bonus issue 1:1,17 Apr 2008,-,-,09 Apr 2008,16 Apr 2008,-
512247,ASHCAP,ASHIRWAD CAPITAL LTD.,15 May 2008,Bonus issue 3:5,16 May 2008,-,-,09 May 2008,15 May 2008,-
531932,CGIMPEX,C.G.IMPEX LTD.,15 May 2008,Bonus issue 1:2,16 May 2008,-,-,09 May 2008,15 May 2008,-
512257,SVARTCORP,Swasti Vinayaka Art And Heritage Corporation Ltd,15 May 2008,Bonus issue 1:3,16 May 2008,-,-,09 May 2008,15 May 2008,-
526371,NMDC,NMDC LTD.,21 May 2008,Bonus issue 2:1,22 May 2008,-,-,14 May 2008,21 May 2008,-
532939,RPOWER,RELIANCE POWER LTD.,30 May 2008,Bonus issue 3:5,-,03 Jun 2008,05 Jun 2008,27 May 2008,02 Jun 2008,-
504387,ELFTRDG,ELF TRADING & CHEMICALS MANUFACTURING LTD.,20 Jun 2008,Bonus issue 3:1,04 Jul 2008,-,-,20 Jun 2008,09 Jul 2008,-
506184,KANANIIND,KANANI INDUSTRIES LTD.,24 Jul 2008,Bonus issue 1:1,07 Aug 2008,-,-,24 Jul 2008,12 Aug 2008,-
511208,IVC,IL&FS INVESTMENT MANAGERS LTD.,28 Jul 2008,Bonus issue 1:2,29 Jul 2008,-,-,22 Jul 2008,28 Jul 2008,-
526654,THAKDEV,THAKKERS DEVELOPERS LTD.,06 Aug 2008,Bonus issue 1:1,18 Aug 2008,-,-,06 Aug 2008,21 Aug 2008,-
500295,VEDL,Vedanta Limited,08 Aug 2008,Bonus issue 1:1,18 Aug 2008,-,-,08 Aug 2008,13 Aug 2008,-
532283,KSHPRDT,KAASHYAP TECHNOLOGIES LTD.,13 Aug 2008,Bonus issue 1:6,14 Aug 2008,-,-,07 Aug 2008,13 Aug 2008,-
532873,HDIL,HOUSING DEVELOPMENT & INFRASTRUCTURE LTD.,21 Aug 2008,Bonus issue 2:7,22 Aug 2008,-,-,14 Aug 2008,21 Aug 2008,-
590071,SUNDARMFIN,SUNDARAM FINANCE LTD.,22 Aug 2008,Bonus issue 1:1,25 Aug 2008,-,-,14 Aug 2008,22 Aug 2008,-
523405,JMFINANCIL,JM FINANCIAL LTD.-$,08 Sep 2008,Bonus issue 3:2,15 Sep 2008,-,-,08 Sep 2008,12 Sep 2008,-
532523,BIOCON,BIOCON LTD.,11 Sep 2008,Bonus issue 1:1,12 Sep 2008,-,-,05 Sep 2008,11 Sep 2008,-
500019,BOR,BANK OF RAJASTHAN LTD.,18 Sep 2008,Bonus issue 1:5,20 Sep 2008,-,-,15 Sep 2008,18 Sep 2008,-
511131,KAMANWALA,KAMANWALA HOUSING CONSTRUCTION LTD.,19 Sep 2008,Bonus issue 1:1,22 Sep 2008,-,-,15 Sep 2008,19 Sep 2008,-
517063,JETKINGQ,JETKING INFOTRAIN LTD.,25 Sep 2008,Bonus issue 1:2,26 Sep 2008,-,-,19 Sep 2008,25 Sep 2008,-
513729,AROGRANITE,ARO GRANITE INDUSTRIES LTD.-$,26 Sep 2008,Bonus issue 1:2,30 Sep 2008,-,-,23 Sep 2008,26 Sep 2008,-
506197,BLISSGVS,BLISS GVS PHARMA LTD.,26 Sep 2008,Bonus issue 3:5,30 Sep 2008,-,-,23 Sep 2008,26 Sep 2008,-
522241,MMFL,M.M.FORGINGS LTD.-$,26 Sep 2008,Bonus issue 1:1,30 Sep 2008,-,-,23 Sep 2008,26 Sep 2008,-
519260,SANWARIA,Sanwaria Consumer Ltd-$,26 Sep 2008,Bonus issue 1:1,30 Sep 2008,-,-,23 Sep 2008,26 Sep 2008,-
590085,GLOSTER2,GLOSTER LTD.,29 Sep 2008,Bonus issue 1:1,01 Oct 2008,-,-,24 Sep 2008,30 Sep 2008,-
502335,JOLLNEW,JOLLY BOARD LTD.,29 Sep 2008,Bonus issue 4:1,01 Oct 2008,-,-,24 Sep 2008,30 Sep 2008,-
500510,LT,LARSEN & TOUBRO LTD.,01 Oct 2008,Bonus issue 1:1,03 Oct 2008,-,-,24 Sep 2008,01 Oct 2008,-
500260,RAMCOCEM,The Ramco Cements Limited,01 Oct 2008,Bonus issue 1:1,10 Oct 2008,-,-,01 Oct 2008,08 Oct 2008,-
532389,VALECHAENG,VALECHA ENGINEERING LTD.-$,01 Oct 2008,Bonus issue 1:2,03 Oct 2008,-,-,24 Sep 2008,01 Oct 2008,-
532155,GAIL,GAIL (INDIA) LTD.,06 Oct 2008,Bonus issue 1:2,07 Oct 2008,-,-,26 Sep 2008,06 Oct 2008,-
504036,HIRECT,HIND RECTIFIERS LTD.,06 Oct 2008,Bonus issue 1:1,07 Oct 2008,-,-,26 Sep 2008,06 Oct 2008,-
500008,AMARAJABAT,AMARA RAJA BATTERIES LTD.,14 Oct 2008,Bonus issue 1:2,15 Oct 2008,-,-,07 Oct 2008,14 Oct 2008,-
532181,GMDCLTD,GUJARAT MINERAL DEVELOPMENT CORPORATION LTD.,16 Oct 2008,Bonus issue 1:1,17 Oct 2008,-,-,10 Oct 2008,16 Oct 2008,-
532218,SOUTHBANK,SOUTH INDIAN BANK LTD.,16 Oct 2008,Bonus issue 1:4,17 Oct 2008,-,-,10 Oct 2008,16 Oct 2008,-
512579,GUJNRECOKE,GUJARAT NRE COKE LTD.,17 Oct 2008,Bonus issue 2:5,20 Oct 2008,-,-,13 Oct 2008,17 Oct 2008,-
523598,SCI,SHIPPING CORPORATION OF INDIA LTD.,29 Oct 2008,Bonus issue 1:2,31 Oct 2008,-,-,23 Oct 2008,29 Oct 2008,-
512070,UPL,UPL Limited,29 Oct 2008,Bonus issue 1:1,31 Oct 2008,-,-,23 Oct 2008,29 Oct 2008,-
532391,OPTOCIRCUI,OPTO CIRCUITS (INDIA) LTD.,03 Nov 2008,Bonus issue 7:10,04 Nov 2008,-,-,24 Oct 2008,03 Nov 2008,-
513043,REMIEDEL,Remi Edelstahl Tubulars Limited,03 Nov 2008,Bonus issue 1:1,04 Nov 2008,-,-,24 Oct 2008,03 Nov 2008,-
523574,FEL,Future Enterprises Ltd,05 Nov 2008,Bonus issue 1:10,-,07 Nov 2008,10 Nov 2008,31 Oct 2008,06 Nov 2008,-
531591,BAMPSL,BAMPSL SECURITIES LTD.,10 Nov 2008,Bonus issue 2:5,11 Nov 2008,-,-,04 Nov 2008,10 Nov 2008,-
503657,VEERENRGY,VEER ENERGY & INFRASTRUCTURE LTD.,12 Nov 2008,Bonus issue 14:10,14 Nov 2008,-,-,06 Nov 2008,12 Nov 2008,-
521167,FRONTBUSS,FRONTLINE BUSINESS SOLUTIONS LTD.,05 Dec 2008,Bonus issue 1:1,19 Dec 2008,-,-,05 Dec 2008,23 Dec 2008,-
523842,SUPTANERY,Super Tannery Limited,05 Dec 2008,Bonus issue 1:1,08 Dec 2008,-,-,01 Dec 2008,05 Dec 2008,-
505533,WESTLIFE,WESTLIFE DEVELOPMENT LTD.,10 Dec 2008,Bonus issue 79:1,11 Dec 2008,-,-,03 Dec 2008,10 Dec 2008,-
531312,SANRASOF,SANRAA MEDIA LTD.,16 Dec 2008,Bonus issue 1:1,17 Dec 2008,-,-,10 Dec 2008,16 Dec 2008,-
522217,GUJAPOLLO,GUJARAT APOLLO INDUSTRIES LTD.,19 Dec 2008,Bonus issue 1:2,22 Dec 2008,-,-,15 Dec 2008,19 Dec 2008,-
532339,COMPUSOFT,COMPUCOM SOFTWARE LTD.-$,24 Dec 2008,Bonus issue 1:1,26 Dec 2008,-,-,18 Dec 2008,24 Dec 2008,-
512017,ZEXDONTR,EXDON TRADING CO.LTD.,31 Dec 2008,Bonus issue 2:1,12 Jan 2009,-,-,31 Dec 2008,15 Jan 2009,-
504382,SMPLXTR,SIMPLEX TRADING & AGENCIES LTD.,05 Jan 2009,Bonus issue 4:1,06 Jan 2009,-,-,30 Dec 2008,05 Jan 2009,-
504028,GEE,GEE LTD.,07 Jan 2009,Bonus issue 1:5,09 Jan 2009,-,-,01 Jan 2009,07 Jan 2009,-
509003,TRANOCE,TRANSOCEANIC PROPERTIES LTD.,29 Jan 2009,Bonus issue 20:1,10 Feb 2009,-,-,29 Jan 2009,13 Feb 2009,-
512487,REMIELEK,Remi Elektrotechnik Limited,04 Mar 2009,Bonus issue 1:1,16 Mar 2009,-,-,04 Mar 2009,19 Mar 2009,-
523642,PIIND,PI Industries Ltd,25 Mar 2009,Bonus issue 1:1,08 Apr 2009,-,-,25 Mar 2009,09 Apr 2009,-
532540,TCS,TATA CONSULTANCY SERVICES LTD.,16 Jun 2009,Bonus issue 1:1,17 Jun 2009,-,-,10 Jun 2009,16 Jun 2009,-
506131,INDIACO,INDIACO VENTURES LTD.,19 Jun 2009,Bonus issue 1:1,26 Jun 2009,-,-,19 Jun 2009,25 Jun 2009,-
522261,DOLPHINOFF,DOLPHIN OFFSHORE ENTERPRISES (INDIA) LTD.-$,29 Jun 2009,Bonus issue 2:5,-,02 Jul 2009,02 Jul 2009,25 Jun 2009,01 Jul 2009,-
532410,TRANSCOR,TRANSCORP INTERNATIONAL LTD.,02 Jul 2009,Bonus issue 1:2,-,06 Jul 2009,07 Jul 2009,29 Jun 2009,03 Jul 2009,-
532981,ANULABS,ANU'S LABORATORIES LTD.,24 Jul 2009,Bonus issue 1:1,27 Jul 2009,-,-,20 Jul 2009,24 Jul 2009,-
504336,INTRA,INDTRADECO LTD.,27 Jul 2009,Bonus issue 2:3,28 Jul 2009,-,-,21 Jul 2009,27 Jul 2009,-
503657,VEERENRGY,VEER ENERGY & INFRASTRUCTURE LTD.,29 Jul 2009,Bonus issue 1:2,-,31 Jul 2009,31 Jul 2009,24 Jul 2009,30 Jul 2009,-
532488,DIVISLAB,DIVI'S LABORATORIES LTD.,30 Jul 2009,Bonus issue 1:1,01 Aug 2009,-,-,27 Jul 2009,30 Jul 2009,-
505854,TRF,TRF LTD.-$,31 Jul 2009,Bonus issue 1:1,03 Aug 2009,-,-,27 Jul 2009,31 Jul 2009,-
512149,AVANCE,AVANCE TECHNOLOGIES LTD.,03 Aug 2009,Bonus issue 4:1,08 Aug 2009,-,-,03 Aug 2009,06 Aug 2009,-
511200,MUNCAPM,MUNOTH CAPITAL MARKET LTD.,05 Aug 2009,Bonus issue 7:2,06 Aug 2009,-,-,31 Jul 2009,05 Aug 2009,-
533011,CORAL-HUB,Coral Hub Limited,06 Aug 2009,Bonus issue 1:2,07 Aug 2009,-,-,31 Jul 2009,06 Aug 2009,-
504879,ORIENTABRA,ORIENT ABRASIVES LTD.-$,12 Aug 2009,Bonus issue 1:1,13 Aug 2009,-,-,06 Aug 2009,12 Aug 2009,-
532672,GLODYNE,GLODYNE TECHNOSERVE LTD.,20 Aug 2009,Bonus issue 1:1,-,24 Aug 2009,24 Aug 2009,17 Aug 2009,21 Aug 2009,-
506184,KANANIIND,KANANI INDUSTRIES LTD.,20 Aug 2009,Bonus issue 2:1,-,24 Aug 2009,24 Aug 2009,17 Aug 2009,21 Aug 2009,-
508982,LINKSONI,LINKSON INTERNATIONAL LTD.,21 Aug 2009,Bonus issue 2:1,-,31 Aug 2009,31 Aug 2009,21 Aug 2009,03 Sep 2009,-
504028,GEE,GEE LTD.,25 Aug 2009,Bonus issue 1:4,26 Aug 2009,-,-,18 Aug 2009,25 Aug 2009,-
507205,TI,TILAKNAGAR INDUSTRIES LTD.-$,02 Sep 2009,Bonus issue 2:1,03 Sep 2009,-,-,27 Aug 2009,02 Sep 2009,-
531624,COUNCODOS,COUNTRY CONDO'S LTD.,04 Sep 2009,Bonus issue 2:1,07 Sep 2009,-,-,31 Aug 2009,04 Sep 2009,-
508989,NAVNETEDUL,Navneet Education Limited,08 Sep 2009,Bonus issue 3:2,09 Sep 2009,-,-,02 Sep 2009,08 Sep 2009,-
506170,HIRAN,HIRAN ORGOCHEM LTD.-$,10 Sep 2009,Bonus issue 4:1,12 Sep 2009,-,-,07 Sep 2009,10 Sep 2009,-
532286,JINDALSTEL,JINDAL STEEL & POWER LTD.,14 Sep 2009,Bonus issue 5:1,-,16 Sep 2009,17 Sep 2009,09 Sep 2009,15 Sep 2009,-
532369,RAMCOIND,RAMCO INDUSTRIES LTD.,14 Sep 2009,Bonus issue 1:1,15 Sep 2009,-,-,08 Sep 2009,14 Sep 2009,-
512233,JAYTEX,JAYBHARAT TEXTILES & REAL ESTATE LTD.,16 Sep 2009,Bonus issue 1:2,17 Sep 2009,-,-,10 Sep 2009,16 Sep 2009,-
523477,GUJRATGAS,GUJARAT GAS CO.LTD.,17 Sep 2009,Bonus issue 1:1,19 Sep 2009,-,-,14 Sep 2009,17 Sep 2009,-
509527,FALCONT,FALCON TYRES LTD.-$,25 Sep 2009,Bonus issue 2:1,29 Sep 2009,-,-,18 Sep 2009,24 Sep 2009,-
512105,PROAIMENT,Proaim Enterprises Ltd,07 Oct 2009,Bonus issue 3:1,08 Oct 2009,-,-,29 Sep 2009,07 Oct 2009,-
520056,SUNCLAYLTD,SUNDARAM-CLAYTON LTD.,09 Oct 2009,Bonus issue 1:1,12 Oct 2009,-,-,05 Oct 2009,09 Oct 2009,-
519003,MODINATUR,Modi Naturals Limited,14 Oct 2009,Bonus issue 1:1,26 Oct 2009,-,-,14 Oct 2009,28 Oct 2009,-
532051,SWELECTES,Swelect Energy Systems Limited-$,14 Oct 2009,Bonus issue 1:1,15 Oct 2009,-,-,08 Oct 2009,14 Oct 2009,-
530965,IOC,INDIAN OIL CORPORATION LTD.,29 Oct 2009,Bonus issue 1:1,30 Oct 2009,-,-,23 Oct 2009,29 Oct 2009,-
500325,RELIANCE,RELIANCE INDUSTRIES LTD.,26 Nov 2009,Bonus issue 1:1,27 Nov 2009,-,-,20 Nov 2009,26 Nov 2009,-
530459,VALSONQ,VALSON INDUSTRIES LTD.-$,07 Dec 2009,Bonus issue 1:1,08 Dec 2009,-,-,01 Dec 2009,07 Dec 2009,-
512599,ADANIENT,ADANI ENTERPRISES LTD.,10 Dec 2009,Bonus issue 1:1,11 Dec 2009,-,-,04 Dec 2009,10 Dec 2009,-
509709,INTLCONV,INTERNATIONAL CONVEYORS LTD.,10 Dec 2009,Bonus issue 1:1,11 Dec 2009,-,-,07 Dec 2009,10 Dec 2009,-
512131,SIGNETIND,Signet Industries Limited,11 Dec 2009,Bonus issue 2:1,14 Dec 2009,-,-,07 Dec 2009,11 Dec 2009,-
522163,DIAPOWER,Diamond Power Infrastructure Limited-$,16 Dec 2009,Bonus issue 1:3,17 Dec 2009,-,-,10 Dec 2009,16 Dec 2009,-
512018,CNIRESLTD,CNI RESEARCH LTD.,17 Dec 2009,Bonus issue 1:1,18 Dec 2009,-,-,11 Dec 2009,17 Dec 2009,-
532532,JPASSOCIAT,JAIPRAKASH ASSOCIATES LTD.,17 Dec 2009,Bonus issue 1:2,18 Dec 2009,-,-,11 Dec 2009,17 Dec 2009,-
512048,LUHARUKA,Luharuka Media & Infra Ltd,23 Dec 2009,Bonus issue 3:1,24 Dec 2009,-,-,17 Dec 2009,23 Dec 2009,-
517498,WEBELSOLAR,WEBSOL ENERGY SYSTEM LTD.,29 Dec 2009,Bonus issue 1:1,30 Dec 2009,-,-,21 Dec 2009,29 Dec 2009,-
521030,NAKODA,Nakoda Limited-$,22 Jan 2010,Bonus issue 1:1,25 Jan 2010,-,-,18 Jan 2010,22 Jan 2010,-
531959,NEWINFRA,Newtime Infrastructure Limited,28 Jan 2010,Bonus issue 2:1,30 Jan 2010,-,-,22 Jan 2010,28 Jan 2010,-
532793,SHREEASHTA,SHREE ASHTAVINAYAK CINE VISION LTD.,01 Feb 2010,Bonus issue 4:1,02 Feb 2010,-,-,25 Jan 2010,01 Feb 2010,-
508860,DIAMANT,Diamant Infrastructure Limited,08 Feb 2010,Bonus issue 3:1,09 Feb 2010,-,-,02 Feb 2010,08 Feb 2010,-
523842,SUPTANERY,Super Tannery Limited,08 Feb 2010,Bonus issue 1:2,09 Feb 2010,-,-,02 Feb 2010,08 Feb 2010,-
531266,VSTTILLERS,V.S.T.TILLERS TRACTORS LTD.-$,08 Feb 2010,Bonus issue 1:2,09 Feb 2010,-,-,02 Feb 2010,08 Feb 2010,-
532724,MOUNTEVTR,MOUNTEVEREST TRADING & INVESTMENT LTD.,10 Feb 2010,Bonus issue 3:1,12 Feb 2010,-,-,09 Feb 2010,10 Feb 2010,-
532666,FCSSOFT,FCS SOFTWARE SOLUTIONS LTD.,26 Feb 2010,Bonus issue 1:1,02 Mar 2010,-,-,22 Feb 2010,26 Feb 2010,-
531312,SANRASOF,SANRAA MEDIA LTD.,04 Mar 2010,Bonus issue 5:4,05 Mar 2010,-,-,25 Feb 2010,04 Mar 2010,-
500093,CGPOWER,CG Power and Industrial Solutions Ltd,08 Mar 2010,Bonus issue 3:4,09 Mar 2010,-,-,02 Mar 2010,08 Mar 2010,-
532374,STRTECH,STERLITE TECHNOLOGIES LTD.,09 Mar 2010,Bonus issue 1:1,10 Mar 2010,-,-,03 Mar 2010,09 Mar 2010,-
530871,CHEMBOND,CHEMBOND CHEMICALS LTD.-$,10 Mar 2010,Bonus issue 1:1,11 Mar 2010,-,-,04 Mar 2010,10 Mar 2010,-
509627,HINDDORROL,HINDUSTAN DORR-OLIVER LTD.,15 Mar 2010,Bonus issue 1:1,17 Mar 2010,-,-,10 Mar 2010,16 Mar 2010,-
500331,PIDILITIND,PIDILITE INDUSTRIES LTD.,15 Mar 2010,Bonus issue 1:1,17 Mar 2010,-,-,10 Mar 2010,16 Mar 2010,-
532670,RENUKA,SHREE RENUKA SUGARS LTD.,15 Mar 2010,Bonus issue 1:1,17 Mar 2010,-,-,10 Mar 2010,16 Mar 2010,-
531249,WLPACKP,WELL PACK PAPERS & CONTAINERS LTD.,15 Mar 2010,Bonus issue 3:4,17 Mar 2010,-,-,10 Mar 2010,16 Mar 2010,-
530747,INDOASIAF,INDO ASIAN FINANCE LTD.,18 Mar 2010,Bonus issue 2:1,19 Mar 2010,-,-,12 Mar 2010,18 Mar 2010,-
530773,IVRCLINFRA,IVRCL LTD,18 Mar 2010,Bonus issue 1:1,19 Mar 2010,-,-,12 Mar 2010,18 Mar 2010,-
532509,SUPRAJIT,SUPRAJIT ENGINEERING LTD.-$,18 Mar 2010,Bonus issue 1:1,20 Mar 2010,-,-,12 Mar 2010,18 Mar 2010,-
530191,CHROMATIC,CHROMATIC INDIA LTD.,22 Mar 2010,Bonus issue 5:2,23 Mar 2010,-,-,15 Mar 2010,22 Mar 2010,-
504351,EMPOWER,EMPOWER INDIA LTD.,23 Mar 2010,Bonus issue 23:2,25 Mar 2010,-,-,17 Mar 2010,23 Mar 2010,-
531768,POLYMED,POLY MEDICURE LTD.,26 Mar 2010,Bonus issue 1:1,29 Mar 2010,-,-,19 Mar 2010,26 Mar 2010,-
532321,CADILAHC,CADILA HEALTHCARE LTD.,05 Apr 2010,Bonus issue 1:2,06 Apr 2010,-,-,26 Mar 2010,05 Apr 2010,-
500870,CASTROLIND,CASTROL INDIA LTD.,09 Apr 2010,Bonus issue 1:1,12 Apr 2010,-,-,05 Apr 2010,09 Apr 2010,-
504398,SJCORP,SJ CORPORATION LTD.,12 Apr 2010,Bonus issue 3:1,14 Apr 2010,-,-,07 Apr 2010,12 Apr 2010,-
531213,MANAPPURAM,MANAPPURAM FINANCE LTD.,03 May 2010,Bonus issue 1:1,04 May 2010,-,-,27 Apr 2010,03 May 2010,-
532178,ENGINERSIN,ENGINEERS INDIA LTD.,06 May 2010,Bonus issue 2:1,07 May 2010,-,-,30 Apr 2010,06 May 2010,-
512579,GUJNRECOKE,GUJARAT NRE COKE LTD.,06 May 2010,Bonus issue 1:10,07 May 2010,-,-,30 Apr 2010,06 May 2010,-
503663,TILAK,Tilak Ventures Ltd,10 May 2010,Bonus issue 4:1,18 May 2010,-,-,10 May 2010,21 May 2010,-
532900,PAISALO,Paisalo Digital Ltd,18 May 2010,Bonus issue 3:1,19 May 2010,-,-,12 May 2010,18 May 2010,-
532881,IVRCLAH,IVRCL Assets & Holdings Limited,20 May 2010,Bonus issue 1:2,21 May 2010,-,-,14 May 2010,20 May 2010,-
526893,SRINIHAT,SRINIVASA HATCHERIES LTD.-$,20 May 2010,Bonus issue 1:1,22 May 2010,-,-,17 May 2010,20 May 2010,-
500355,RALLIS,RALLIS INDIA LTD.,08 Jun 2010,Bonus issue 1:2,09 Jun 2010,-,-,02 Jun 2010,08 Jun 2010,-
532175,CYIENT,Cyient Limited,10 Jun 2010,Bonus issue 1:1,12 Jun 2010,-,-,07 Jun 2010,10 Jun 2010,-
531882,KWALITY,Kwality Limited,15 Jun 2010,Bonus issue 5:7,16 Jun 2010,-,-,09 Jun 2010,15 Jun 2010,-
507685,WIPRO,WIPRO LTD.,15 Jun 2010,Bonus issue 2:3,16 Jun 2010,-,-,09 Jun 2010,15 Jun 2010,-
590078,MAITHANALL,MAITHAN ALLOYS LTD.,17 Jun 2010,Bonus issue 1:2,19 Jun 2010,-,-,14 Jun 2010,17 Jun 2010,-
531816,PANORAMUNI,PANORAMIC UNIVERSAL LTD.,21 Jun 2010,Bonus issue 5:1,22 Jun 2010,-,-,15 Jun 2010,21 Jun 2010,-
517447,RSSOFTWARE,R.S.SOFTWARE INDIA LTD.,21 Jun 2010,Bonus issue 28100     ,22 Jun 2010,-,-,15 Jun 2010,21 Jun 2010,-
500900,STERLITEIND,STERLITE INDUSTRIES (INDIA) LTD.,21 Jun 2010,Bonus issue 1:1,22 Jun 2010,-,-,15 Jun 2010,21 Jun 2010,-
500165,KANSAINER,KANSAI NEROLAC PAINTS LTD.,23 Jun 2010,Bonus issue 1:1,24 Jun 2010,-,-,17 Jun 2010,23 Jun 2010,-
532837,ORBITCORP,ORBIT CORPORATION LTD.,29 Jun 2010,Bonus issue 1:1,30 Jun 2010,-,-,23 Jun 2010,28 Jun 2010,-
505978,TRITONV,TRITON VALVES LTD.,05 Jul 2010,Bonus issue 2:1,06 Jul 2010,-,-,29 Jun 2010,05 Jul 2010,-
503101,MARATHON,MARATHON NEXTGEN REALTY LTD.,06 Jul 2010,Bonus issue 1:2,07 Jul 2010,-,-,29 Jun 2010,06 Jul 2010,-
526560,ENGLISHIN,EICL LTD.-$,07 Jul 2010,Bonus issue 5:4,-,09 Jul 2010,09 Jul 2010,02 Jul 2010,08 Jul 2010,-
523642,PIIND,PI Industries Ltd,08 Jul 2010,Bonus issue 1:2,-,10 Jul 2010,10 Jul 2010,05 Jul 2010,08 Jul 2010,-
504392,KRISHNA,Krishna Ventures Limited,09 Jul 2010,Bonus issue 5:1,-,23 Jul 2010,23 Jul 2010,09 Jul 2010,28 Jul 2010,-
505355,NESCO,NESCO LTD.,20 Jul 2010,Bonus issue 1:1,21 Jul 2010,-,-,14 Jul 2010,20 Jul 2010,-
504067,ZENSARTECH,ZENSAR TECHNOLOGIES LTD.,21 Jul 2010,Bonus issue 1:1,-,23 Jul 2010,26 Jul 2010,16 Jul 2010,22 Jul 2010,-
532927,ECLERX,ECLERX SERVICES LTD.,23 Jul 2010,Bonus issue 1:2,26 Jul 2010,-,-,19 Jul 2010,23 Jul 2010,-
524727,SDL,Span Divergent Ltd-$,27 Jul 2010,Bonus issue 1:1,28 Jul 2010,-,-,21 Jul 2010,27 Jul 2010,-
513377,MMTC,MMTC LTD.,29 Jul 2010,Bonus issue 1:1,30 Jul 2010,-,-,23 Jul 2010,29 Jul 2010,-
500875,ITC,ITC LTD.,03 Aug 2010,Bonus issue 1:1,04 Aug 2010,-,-,28 Jul 2010,03 Aug 2010,-
505075,SETCO,SETCO AUTOMOTIVE LTD.,05 Aug 2010,Bonus issue 1:1,-,09 Aug 2010,10 Aug 2010,02 Aug 2010,06 Aug 2010,-
532922,EDELWEISS,Edelweiss Financial Services Ltd.,10 Aug 2010,Bonus issue 1:1,11 Aug 2010,-,-,04 Aug 2010,10 Aug 2010,-
500185,HCC,HINDUSTAN CONSTRUCTION CO.LTD.,10 Aug 2010,Bonus issue 1:1,11 Aug 2010,-,-,04 Aug 2010,10 Aug 2010,-
531845,ZENITHBIR,ZENITH BIRLA (INDIA) LTD.-$,11 Aug 2010,Bonus issue 1:5,12 Aug 2010,-,-,05 Aug 2010,11 Aug 2010,-
500003,AEGISLOG,AEGIS LOGISTICS LTD.,18 Aug 2010,Bonus issue 2:3,20 Aug 2010,-,-,13 Aug 2010,19 Aug 2010,-
521163,ZODIACLOTH,ZODIAC CLOTHING CO.LTD.,23 Aug 2010,Bonus issue 1:2,24 Aug 2010,-,-,17 Aug 2010,23 Aug 2010,-
512355,ZANUKCOM,ANUKARAN COMMERCIAL ENTERPRISES LTD.,26 Aug 2010,Bonus issue 5:1,28 Aug 2010,-,-,23 Aug 2010,26 Aug 2010,-
532443,CERA,CERA SANITARYWARE LTD.,02 Sep 2010,Bonus issue 1:1,03 Sep 2010,-,-,27 Aug 2010,02 Sep 2010,-
512443,GANONPRO,Ganon Products Ltd,02 Sep 2010,Bonus issue 2:1,-,14 Sep 2010,14 Sep 2010,02 Sep 2010,17 Sep 2010,-
530367,NRBBEARING,NRB BEARINGS LTD.,03 Sep 2010,Bonus issue 1:1,06 Sep 2010,-,-,30 Aug 2010,03 Sep 2010,-
524109,KABRAEXTRU,KABRA EXTRUSIONTECHNIK LTD.,06 Sep 2010,Bonus issue 1:1,07 Sep 2010,-,-,31 Aug 2010,06 Sep 2010,-
516108,STHINPA,SOUTH INDIA PAPER MILLS LTD.,06 Sep 2010,Bonus issue 1:1,-,08 Sep 2010,10 Sep 2010,01 Sep 2010,07 Sep 2010,-
532977,BAJAJ-AUTO,BAJAJ AUTO LTD.,08 Sep 2010,Bonus issue 1:1,10 Sep 2010,-,-,03 Sep 2010,08 Sep 2010,-
500096,DABUR,DABUR INDIA LTD.,08 Sep 2010,Bonus issue 1:1,10 Sep 2010,-,-,03 Sep 2010,08 Sep 2010,-
532343,TVSMOTOR,TVS MOTOR COMPANY LTD.,08 Sep 2010,Bonus issue 1:1,09 Sep 2010,-,-,02 Sep 2010,08 Sep 2010,-
524689,PARENTLD,PARENTERAL DRUGS (INDIA) LTD.-$,13 Sep 2010,Bonus issue 1:3,-,15 Sep 2010,15 Sep 2010,07 Sep 2010,14 Sep 2010,-
532716,GILLANDERS,GILLANDERS ARBUTHNOT & CO.LTD.,14 Sep 2010,Bonus issue 1:2,15 Sep 2010,-,-,07 Sep 2010,14 Sep 2010,-
533017,RMMIL,RESURGERE MINES & MINERALS INDIA LTD.,15 Sep 2010,Bonus issue 2:1,-,17 Sep 2010,19 Sep 2010,09 Sep 2010,16 Sep 2010,-
590003,KARURVYSYA,KARUR VYSYA BANK LTD.,16 Sep 2010,Bonus issue 2:5,18 Sep 2010,-,-,13 Sep 2010,16 Sep 2010,-
511605,ARIHCAPM,ARIHANT CAPITAL MARKETS LTD.,23 Sep 2010,Bonus issue 3:5,24 Sep 2010,-,-,17 Sep 2010,23 Sep 2010,-
505285,TULIVE,Tulive Developers Limited,24 Sep 2010,Bonus issue 4:1,08 Oct 2010,-,-,24 Sep 2010,13 Oct 2010,-
532777,NAUKRI,INFO EDGE (INDIA) LTD.,27 Sep 2010,Bonus issue 1:1,28 Sep 2010,-,-,21 Sep 2010,27 Sep 2010,-
507205,TI,TILAKNAGAR INDUSTRIES LTD.-$,28 Sep 2010,Bonus issue 2:1,30 Sep 2010,-,-,23 Sep 2010,28 Sep 2010,-
531814,TIRSARJ,TIRUPATI SARJAN LTD.,28 Sep 2010,Bonus issue 1:1,29 Sep 2010,-,-,22 Sep 2010,27 Sep 2010,-
532380,BABA,BABA ARTS LTD.-$,29 Sep 2010,Bonus issue 1:1,01 Oct 2010,-,-,27 Sep 2010,30 Sep 2010,-
533006,BIRLACOT,BIRLA COTSYN (INDIA) LTD.,29 Sep 2010,Bonus issue 1:5,01 Oct 2010,-,-,24 Sep 2010,30 Sep 2010,-
532719,BLKASHYAP,B.L.KASHYAP AND SONS LTD.,29 Sep 2010,Bonus issue 1:1,01 Oct 2010,-,-,24 Sep 2010,30 Sep 2010,-
501111,ZGOLDINV,GOLD ROCK INVESTMENTS LTD.,05 Oct 2010,Bonus issue 2:1,13 Oct 2010,-,-,05 Oct 2010,18 Oct 2010,-
517354,HAVELLS,HAVELLS INDIA LTD.,08 Oct 2010,Bonus issue 1:1,11 Oct 2010,-,-,04 Oct 2010,08 Oct 2010,-
522165,INDSILHYD,INDSIL HYDRO POWER AND MANGANESE LTD.-$,15 Oct 2010,Bonus issue 2:3,18 Oct 2010,-,-,11 Oct 2010,15 Oct 2010,-
532339,COMPUSOFT,COMPUCOM SOFTWARE LTD.-$,19 Oct 2010,Bonus issue 1:2,20 Oct 2010,-,-,13 Oct 2010,19 Oct 2010,-
517001,BIRLAYAM,BIRLA POWER SOLUTIONS LTD.-$,20 Oct 2010,Bonus issue 1:5,21 Oct 2010,-,-,14 Oct 2010,20 Oct 2010,-
500227,JINDALPOLY,JINDAL POLY FILMS LTD.,22 Oct 2010,Bonus issue 1:1,25 Oct 2010,-,-,18 Oct 2010,22 Oct 2010,-
512634,SAVERA,SAVERA INDUSTRIES LTD.,25 Oct 2010,Bonus issue 1:1,26 Oct 2010,-,-,19 Oct 2010,25 Oct 2010,-
506260,ANUHPHR,ANUH PHARMA LTD.,28 Oct 2010,Bonus issue 2:1,29 Oct 2010,-,-,22 Oct 2010,28 Oct 2010,-
505537,ZEEL,ZEE ENTERTAINMENT ENTERPRISES LTD.,11 Nov 2010,Bonus issue 1:1,12 Nov 2010,-,-,04 Nov 2010,11 Nov 2010,-
512131,SIGNETIND,Signet Industries Limited,18 Nov 2010,Bonus issue 5:1,19 Nov 2010,-,-,11 Nov 2010,18 Nov 2010,-
512465,SANPOLY,SANTOWIN CORPORATION LTD.,25 Nov 2010,Bonus issue 3:2,07 Dec 2010,-,-,25 Nov 2010,10 Dec 2010,-
521236,SROGNGM,SRI GANAPATHY MILLS CO.LTD.,25 Nov 2010,Bonus issue 1:1,27 Nov 2010,-,-,22 Nov 2010,25 Nov 2010,-
522073,HITECHGEAR,The Hi-Tech Gears Ltd,01 Dec 2010,Bonus issue 1:1,02 Dec 2010,-,-,25 Nov 2010,01 Dec 2010,-
532323,SHIVACEM,SHIVA CEMENT LTD.,09 Dec 2010,Bonus issue 1:10,11 Dec 2010,-,-,06 Dec 2010,09 Dec 2010,-
506166,APIS,APIS INDIA LTD.,10 Dec 2010,Bonus issue 323100    ,17 Dec 2010,-,-,10 Dec 2010,22 Dec 2010,-
522074,ELGIEQUIP,ELGI EQUIPMENTS LTD.,14 Dec 2010,Bonus issue 1:1,-,16 Dec 2010,17 Dec 2010,09 Dec 2010,15 Dec 2010,-
524051,POLYPLEX,POLYPLEX CORPORATION LTD.,23 Dec 2010,Bonus issue 1:1,25 Dec 2010,-,-,20 Dec 2010,23 Dec 2010,-
531977,CHLOGIST,CHARTERED LOGISTICS LTD.,24 Dec 2010,Bonus issue 1:1,27 Dec 2010,-,-,20 Dec 2010,24 Dec 2010,-
532736,POWERSOF,POWERSOFT GLOBAL SOLUTIONS LTD.,27 Dec 2010,Bonus issue 1:1,28 Dec 2010,-,-,21 Dec 2010,27 Dec 2010,-
532493,ASTRAMICRO,ASTRA MICROWAVE PRODUCTS LTD.,30 Dec 2010,Bonus issue 1:2,31 Dec 2010,-,-,24 Dec 2010,30 Dec 2010,-
530075,SELAN*,SELAN EXPLORATION TECHNOLOGY LTD.-$,31 Dec 2010,Bonus issue 1:10,03 Jan 2011,-,-,27 Dec 2010,31 Dec 2010,-
532948,TULSI,TULSI EXTRUSIONS LTD.,07 Jan 2011,Bonus issue 1:10,10 Jan 2011,-,-,03 Jan 2011,07 Jan 2011,-
511626,RRFIN,RR FINANCIAL CONSULTANTS LTD.,13 Jan 2011,Bonus issue 1:1,15 Jan 2011,-,-,10 Jan 2011,13 Jan 2011,-
530885,FIVECORE,Five Core Exim Ltd,03 Feb 2011,Bonus issue 1:2,04 Feb 2011,-,-,28 Jan 2011,03 Feb 2011,-
500312,ONGC,OIL AND NATURAL GAS CORPORATION LTD.,08 Feb 2011,Bonus issue 1:1,09 Feb 2011,-,-,02 Feb 2011,08 Feb 2011,-
523756,SREINFRA,SREI INFRASTRUCTURE FINANCE LTD.,10 Feb 2011,Bonus issue 4:5,11 Feb 2011,-,-,04 Feb 2011,10 Feb 2011,-
512608,BHANDHOS,BHANDARI HOSIERY EXPORTS LTD.,24 Feb 2011,Bonus issue 7:20,25 Feb 2011,-,-,18 Feb 2011,24 Feb 2011,-
532129,HEXAWARE,HEXAWARE TECHNOLOGIES LTD.,24 Feb 2011,Bonus issue 1:1,25 Feb 2011,-,-,18 Feb 2011,24 Feb 2011,-
517467,MARSONS,MARSONS LIMITED,04 Mar 2011,Bonus issue 1:4,07 Mar 2011,-,-,25 Feb 2011,04 Mar 2011,-
500188,HINDZINC,HINDUSTAN ZINC LTD.,07 Mar 2011,Bonus issue 1:1,08 Mar 2011,-,-,28 Feb 2011,07 Mar 2011,-
522235,MINALIND,Minal Industries Limited,10 Mar 2011,Bonus issue 2:3,12 Mar 2011,-,-,07 Mar 2011,10 Mar 2011,-
532234,NATIONALUM,NATIONAL ALUMINIUM CO.LTD.,15 Mar 2011,Bonus issue 1:1,16 Mar 2011,-,-,09 Mar 2011,15 Mar 2011,-
512105,PROAIMENT,Proaim Enterprises Ltd,16 Mar 2011,Bonus issue 1:1,17 Mar 2011,-,-,10 Mar 2011,16 Mar 2011,-
512449,SVCRES,SVC Resources Limited,21 Mar 2011,Bonus issue 1:3,22 Mar 2011,-,-,15 Mar 2011,21 Mar 2011,-
519260,SANWARIA,Sanwaria Consumer Ltd-$,07 Apr 2011,Bonus issue 1:1,08 Apr 2011,-,-,31 Mar 2011,07 Apr 2011,-
530901,ACIL,ACIL Cotton Industries Limited,18 Apr 2011,Bonus issue 1:1,19 Apr 2011,-,-,08 Apr 2011,18 Apr 2011,-
500249,KSB,KSB Ltd,18 Apr 2011,Bonus issue 1:1,19 Apr 2011,-,-,08 Apr 2011,18 Apr 2011,-
504367,CHAMPFIN,CHAMPION FINSEC LTD.,28 Apr 2011,Bonus issue 4:5,11 May 2011,-,-,28 Apr 2011,13 May 2011,-
531431,SHAKTIPUMP,SHAKTI PUMPS (INDIA) LTD.-$,28 Apr 2011,Bonus issue 1:1,29 Apr 2011,-,-,21 Apr 2011,28 Apr 2011,-
531841,INDUSFINL,Indus Finance Ltd,03 May 2011,Bonus issue 1:1,04 May 2011,-,-,27 Apr 2011,03 May 2011,-
532944,ONMOBILE,OnMobile Global Ltd.,03 May 2011,Bonus issue 1:1,04 May 2011,-,-,27 Apr 2011,03 May 2011,-
506146,VIVIDHA,VISAGAR POLYTEX LTD.,26 May 2011,Bonus issue 1:1,28 May 2011,-,-,23 May 2011,26 May 2011,-
500069,BNKCAP,BNK CAPITAL MARKETS LTD.,06 Jun 2011,Bonus issue 1:4,-,08 Jun 2011,08 Jun 2011,01 Jun 2011,07 Jun 2011,-
517326,CMC,CMC LTD.,08 Jun 2011,Bonus issue 1:1,-,10 Jun 2011,10 Jun 2011,03 Jun 2011,09 Jun 2011,-
531213,MANAPPURAM,MANAPPURAM FINANCE LTD.,09 Jun 2011,Bonus issue 1:1,10 Jun 2011,-,-,03 Jun 2011,09 Jun 2011,-
500114,TITAN,Titan Company Limited,23 Jun 2011,Bonus issue 1:1,24 Jun 2011,-,-,17 Jun 2011,23 Jun 2011,-
514183,BLACKROSE,BLACK ROSE INDUSTRIES LTD.,30 Jun 2011,Bonus issue 1:1,-,05 Jul 2011,06 Jul 2011,27 Jun 2011,04 Jul 2011,-
533256,HIRAFERRO,HIRA FERRO ALLOYS LTD.,11 Jul 2011,Bonus issue 4:1,12 Jul 2011,-,-,05 Jul 2011,11 Jul 2011,-
532503,RAJPALAYAM,RAJAPALAYAM MILLS LTD.-$,13 Jul 2011,Bonus issue 1:1,-,15 Jul 2011,20 Jul 2011,08 Jul 2011,14 Jul 2011,-
511114,VALUEMAR,VALUEMART RETAIL SOLUTIONS LTD ,13 Jul 2011,Bonus issue 1:4,-,25 Jul 2011,25 Jul 2011,13 Jul 2011,28 Jul 2011,-
531178,HEMANG,Hemang Resources Ltd,14 Jul 2011,Bonus issue 3:1,15 Jul 2011,-,-,08 Jul 2011,14 Jul 2011,-
509472,CRAVATEX,CRAVATEX LTD.,15 Jul 2011,Bonus issue 1:1,-,19 Jul 2011,19 Jul 2011,12 Jul 2011,18 Jul 2011,-
500120,DIAMINESQ,DIAMINES & CHEMICALS LTD.-$,19 Jul 2011,Bonus issue 1:2,-,21 Jul 2011,21 Jul 2011,14 Jul 2011,20 Jul 2011,-
513333,BHUWALST,BHUWALKA STEEL INDUSTRIES LTD.-$,21 Jul 2011,Bonus issue 1:1,22 Jul 2011,-,-,15 Jul 2011,21 Jul 2011,-
500477,ASHOKLEY,ASHOK LEYLAND LTD.,02 Aug 2011,Bonus issue 1:1,03 Aug 2011,-,-,27 Jul 2011,02 Aug 2011,-
504340,CONFINT,Confidence Finance And Trading Limited,23 Aug 2011,Bonus issue 4:1,29 Aug 2011,-,-,23 Aug 2011,30 Aug 2011,-
501473,MALTC,MALABAR TRADING CO.LTD.,24 Aug 2011,Bonus issue 6:1,25 Aug 2011,-,-,17 Aug 2011,24 Aug 2011,-
532903,DHANUS,DHANUS TECHNOLOGIES LTD.,29 Aug 2011,Bonus issue 12:5,30 Aug 2011,-,-,23 Aug 2011,29 Aug 2011,-
507836,MCCHRLS-B,MAC CHARLES (INDIA) LTD.,12 Sep 2011,Bonus issue 1:1,15 Sep 2011,-,-,12 Sep 2011,20 Sep 2011,-
500480,CUMMINSIND,CUMMINS INDIA LTD.,20 Sep 2011,Bonus issue 2:5,21 Sep 2011,-,-,14 Sep 2011,20 Sep 2011,-
532240,INDNIPPON,INDIA NIPPON ELECTRICALS LTD.,20 Sep 2011,Bonus issue 2:5,21 Sep 2011,-,-,14 Sep 2011,20 Sep 2011,-
532025,SOWBHAGYA,SOWBHAGYA MEDIA LTD.,20 Sep 2011,Bonus issue 1:1,21 Sep 2011,-,-,14 Sep 2011,20 Sep 2011,-
532854,NITINFIRE,NITIN FIRE PROTECTION INDUSTRIES LTD.,22 Sep 2011,Bonus issue 5:2,23 Sep 2011,-,-,16 Sep 2011,22 Sep 2011,-
532287,ENTEGRA,ENTEGRA LTD.,26 Sep 2011,Bonus issue 4:13,27 Sep 2011,-,-,20 Sep 2011,26 Sep 2011,-
521163,ZODIACLOTH,ZODIAC CLOTHING CO.LTD.,27 Sep 2011,Bonus issue 1:2,28 Sep 2011,-,-,21 Sep 2011,27 Sep 2011,-
533576,VASWANI,VASWANI INDUSTRIES LTD.,29 Sep 2011,Bonus issue 1:4,03 Oct 2011,-,-,26 Sep 2011,30 Sep 2011,-
524084,MONSANTO,MONSANTO INDIA LTD.,05 Oct 2011,Bonus issue 1:1,08 Oct 2011,-,-,30 Sep 2011,05 Oct 2011,-
531082,ALANKIT,Alankit Ltd,10 Oct 2011,Bonus issue 4:1,18 Oct 2011,-,-,10 Oct 2011,21 Oct 2011,-
506027,BHRKALM,BHORUKA ALUMINIUM LTD.,13 Oct 2011,Bonus issue 1:1,14 Oct 2011,-,-,07 Oct 2011,13 Oct 2011,-
501630,ANANDPROJ,Anand Projects Ltd,20 Oct 2011,Bonus issue 17:1,01 Nov 2011,-,-,20 Oct 2011,03 Nov 2011,-
500219,JISLJALEQS,JAIN IRRIGATION SYSTEMS LTD.,08 Nov 2011,Bonus issue 1:20,09 Nov 2011,-,-,01 Nov 2011,08 Nov 2011,-
507779,KANPRPLA,KANPUR PLASTIPACK LTD.,16 Nov 2011,Bonus issue 1:2,17 Nov 2011,-,-,11 Nov 2011,16 Nov 2011,-
532282,CASTEXTECH,Castex Technologies Ltd-$,21 Nov 2011,Bonus issue 1:1,22 Nov 2011,-,-,15 Nov 2011,21 Nov 2011,-
530059,MAHASHR,MAHARAJA SHREE UMAID MILLS LTD.-$,14 Feb 2012,Bonus issue 2:1,15 Feb 2012,-,-,08 Feb 2012,14 Feb 2012,-
532400,KPIT,KPIT Technologies Limited,13 Mar 2012,Bonus issue 1:1,14 Mar 2012,-,-,06 Mar 2012,13 Mar 2012,-
531531,HATSUN,HATSUN AGRO PRODUCT LTD.,26 Mar 2012,Bonus issue 1:2,27 Mar 2012,-,-,19 Mar 2012,26 Mar 2012,-
533106,OIL,OIL INDIA LTD.,29 Mar 2012,Bonus issue 3:2,31 Mar 2012,-,-,26 Mar 2012,28 Mar 2012,-
532391,OPTOCIRCUI,OPTO CIRCUITS (INDIA) LTD.,29 Mar 2012,Bonus issue 3:10,31 Mar 2012,-,-,26 Mar 2012,28 Mar 2012,-
505513,SHRSHATEX,Shree Shaleen Textiles Limited,30 Mar 2012,Bonus issue 19:1,14 Apr 2012,-,-,30 Mar 2012,18 Apr 2012,-
511431,VAKRANGEE,Vakrangee Limited-$,12 Apr 2012,Bonus issue 1:1,13 Apr 2012,-,-,04 Apr 2012,12 Apr 2012,-
533166,SUNDARAM,SUNDARAM MULTI PAP LTD.,13 Apr 2012,Bonus issue 2:1,16 Apr 2012,-,-,09 Apr 2012,13 Apr 2012,-
532612,INDOCO,INDOCO REMEDIES LTD.,17 May 2012,Bonus issue 1:2,19 May 2012,-,-,14 May 2012,17 May 2012,-
533506,INVENTURE,INVENTURE GROWTH & SECURITIES LTD.,22 May 2012,Bonus issue 3:1,23 May 2012,-,-,16 May 2012,22 May 2012,-
512161,8KMILES,8K MILES SOFTWARE SERVICES LTD.,22 Jun 2012,Bonus issue 2:3,25 Jun 2012,-,-,18 Jun 2012,22 Jun 2012,-
532777,NAUKRI,INFO EDGE (INDIA) LTD.,22 Jun 2012,Bonus issue 1:1,-,26 Jun 2012,26 Jun 2012,19 Jun 2012,25 Jun 2012,-
524412,AREYDRG,AAREY DRUGS & PHARMACEUTICALS LTD.,25 Jun 2012,Bonus issue 1:5,26 Jun 2012,-,-,19 Jun 2012,25 Jun 2012,-
531795,ATULAUTO,ATUL AUTO LTD.-$,03 Jul 2012,Bonus issue 1:2,-,05 Jul 2012,05 Jul 2012,27 Jun 2012,04 Jul 2012,-
512626,ORBTEXP,ORBIT EXPORTS LTD.,09 Jul 2012,Bonus issue 1:2,10 Jul 2012,-,-,03 Jul 2012,09 Jul 2012,-
505720,HERCULES,HERCULES HOISTS LTD.,11 Jul 2012,Bonus issue 1:1,-,13 Jul 2012,17 Jul 2012,06 Jul 2012,12 Jul 2012,-
530117,FAIRCHEM,Fairchem Speciality Ltd,12 Jul 2012,Bonus issue 1:5,-,16 Jul 2012,16 Jul 2012,09 Jul 2012,13 Jul 2012,-
505714,GABRIEL,GABRIEL INDIA LTD.-$,12 Jul 2012,Bonus issue 1:1,13 Jul 2012,-,-,06 Jul 2012,12 Jul 2012,-
532926,JYOTHYLAB,JYOTHY LABORATORIES LTD.,12 Jul 2012,Bonus issue 1:1,-,16 Jul 2012,16 Jul 2012,09 Jul 2012,13 Jul 2012,-
500547,BPCL,BHARAT PETROLEUM CORPORATION LTD.,13 Jul 2012,Bonus issue 1:1,-,17 Jul 2012,17 Jul 2012,10 Jul 2012,16 Jul 2012,-
509024,GOLDLEG,GOLDEN LEGAND LEASING & FINANCE LTD.,17 Jul 2012,Bonus issue 1:1,18 Jul 2012,-,-,11 Jul 2012,17 Jul 2012,-
532494,MICROTECH,MICRO TECHNOLOGIES (INDIA) LTD.-$,17 Jul 2012,Bonus issue 1:1,18 Jul 2012,-,-,11 Jul 2012,17 Jul 2012,-
531847,ASTAR,ASIAN STAR CO.LTD.-$,19 Jul 2012,Bonus issue 1:2,21 Jul 2012,-,-,16 Jul 2012,19 Jul 2012,-
513517,STEELCAS,STEELCAST LTD.,25 Jul 2012,Bonus issue 1:1,26 Jul 2012,-,-,19 Jul 2012,25 Jul 2012,-
512311,SURCHIN,SURABHI CHEMICALS & INVESTMENTS LTD.,30 Jul 2012,Bonus issue 9:1,11 Aug 2012,-,-,30 Jul 2012,14 Aug 2012,-
522249,MAYURUNIQ,MAYUR UNIQUOTERS LTD.-$,06 Aug 2012,Bonus issue 1:1,07 Aug 2012,-,-,31 Jul 2012,06 Aug 2012,-
506113,LIFELINE,LIFELINE DRUGS & PHARMA LTD.,07 Aug 2012,Bonus issue 4:1,16 Aug 2012,-,-,07 Aug 2012,21 Aug 2012,-
505075,SETCO,SETCO AUTOMOTIVE LTD.,14 Aug 2012,Bonus issue 1:2,-,17 Aug 2012,18 Aug 2012,09 Aug 2012,16 Aug 2012,-
500870,CASTROLIND,CASTROL INDIA LTD.,04 Sep 2012,Bonus issue 1:1,05 Sep 2012,-,-,29 Aug 2012,04 Sep 2012,-
590065,IMPAL,INDIA MOTOR PARTS & ACCESSORIES LTD.,10 Sep 2012,Bonus issue 1:1,11 Sep 2012,-,-,04 Sep 2012,10 Sep 2012,-
524091,ACRYSIL,ACRYSIL LTD.,27 Sep 2012,Bonus issue 1:2,28 Sep 2012,-,-,21 Sep 2012,27 Sep 2012,-
524669,HESTERBIO,HESTER BIOSCIENCES LTD.,27 Sep 2012,Bonus issue 1:2,-,29 Sep 2012,29 Sep 2012,24 Sep 2012,27 Sep 2012,-
517334,MOTHERSUMI,MOTHERSON SUMI SYSTEMS LTD.,03 Oct 2012,Bonus issue 1:2,-,05 Oct 2012,05 Oct 2012,27 Sep 2012,04 Oct 2012,-
531590,BILPOWER,BILPOWER LTD.,04 Oct 2012,Bonus issue 1:1,-,06 Oct 2012,06 Oct 2012,28 Sep 2012,04 Oct 2012,-
512443,GANONPRO,Ganon Products Ltd,15 Oct 2012,Bonus issue 30:1,16 Oct 2012,-,-,09 Oct 2012,15 Oct 2012,-
504629,ANILSPL,ANIL SPECIAL STEEL INDUSTRIES LTD.-$,17 Oct 2012,Bonus issue 1:10,18 Oct 2012,-,-,11 Oct 2012,17 Oct 2012,-
511636,DJSSS,DJS STOCK & SHARES LTD.,23 Oct 2012,Bonus issue 1:2,26 Oct 2012,-,-,18 Oct 2012,23 Oct 2012,-
534615,NECCLTD,NORTH EASTERN CARRYING CORPORATION LTD.,15 Nov 2012,Bonus issue 3:1,16 Nov 2012,-,-,08 Nov 2012,15 Nov 2012,-
507609,OLYOI,OLYMPIC OIL INDUSTRIES LTD.,19 Nov 2012,Bonus issue 3:1,20 Nov 2012,-,-,09 Nov 2012,19 Nov 2012,-
506087,ANUPMAL,ANUP MALLEABLE LTD.,20 Nov 2012,Bonus issue 5:2,29 Nov 2012,-,-,20 Nov 2012,04 Dec 2012,-
512355,ZANUKCOM,ANUKARAN COMMERCIAL ENTERPRISES LTD.,26 Nov 2012,Bonus issue 8:10,27 Nov 2012,-,-,20 Nov 2012,26 Nov 2012,-
531025,VISAGAR,VISAGAR FINANCIAL SERVICES LTD.,04 Dec 2012,Bonus issue 1:1,05 Dec 2012,-,-,27 Nov 2012,04 Dec 2012,-
505533,WESTLIFE,WESTLIFE DEVELOPMENT LTD.,07 Dec 2012,Bonus issue 1:1,-,11 Dec 2012,11 Dec 2012,04 Dec 2012,10 Dec 2012,-
524210,PNTKYOR,PENTOKEY ORGANY (INDIA) LTD.,13 Dec 2012,Bonus issue 2:3,14 Dec 2012,-,-,07 Dec 2012,13 Dec 2012,-
590071,SUNDARMFIN,SUNDARAM FINANCE LTD.,13 Dec 2012,Bonus issue 1:1,14 Dec 2012,-,-,07 Dec 2012,13 Dec 2012,-
500463,AGCNET,AGC Networks Limited,19 Dec 2012,Bonus issue 1:1,20 Dec 2012,-,-,13 Dec 2012,19 Dec 2012,-
508922,MSRINDIA,MSR INDIA LTD.,20 Dec 2012,Bonus issue 5:1,21 Dec 2012,-,-,14 Dec 2012,20 Dec 2012,-
532959,GAMMNINFRA,GAMMON INFRASTRUCTURE PROJECTS LTD.,23 Jan 2013,Bonus issue 1:34,24 Jan 2013,-,-,17 Jan 2013,22 Jan 2013,-
531693,YANTRA,YANTRA NATURAL RESOURCES LTD.,24 Jan 2013,Bonus issue 5:2,28 Jan 2013,-,-,21 Jan 2013,25 Jan 2013,-
506184,KANANIIND,KANANI INDUSTRIES LTD.,01 Feb 2013,Bonus issue 1:10,-,05 Feb 2013,05 Feb 2013,29 Jan 2013,04 Feb 2013,-
503637,DHANLEELA,DHANLEELA INVESTMENTS & TRADING COMPANY LTD.,05 Feb 2013,Bonus issue 4:1,06 Feb 2013,-,-,30 Jan 2013,05 Feb 2013,-
512191,MISHKAFIN,MISHKA FINANCE AND TRADING LTD.,05 Feb 2013,Bonus issue 7:1,06 Feb 2013,-,-,30 Jan 2013,05 Feb 2013,-
533178,PRADIP,Pradip Overseas Ltd,12 Feb 2013,Bonus issue 1:5,13 Feb 2013,-,-,06 Feb 2013,12 Feb 2013,-
502448,ROLLT,ROLLATAINERS LTD.,27 Feb 2013,Bonus issue 3:2,28 Feb 2013,-,-,21 Feb 2013,27 Feb 2013,-
532411,VISESHINFO,VISESH INFOTECNICS LTD.,07 Mar 2013,Bonus issue 1:10,08 Mar 2013,-,-,01 Mar 2013,07 Mar 2013,-
531387,HASTIFIN,HASTI FINANCE LTD.,13 Mar 2013,Bonus issue 1:10,14 Mar 2013,-,-,07 Mar 2013,13 Mar 2013,-
523144,MEDICAPQ,MEDI-CAPS LTD.-$,19 Mar 2013,Bonus issue 3:1,20 Mar 2013,-,-,13 Mar 2013,19 Mar 2013,-
531522,RASOYPR,RASOYA PROTEINS LTD.,21 Mar 2013,Bonus issue 2:1,22 Mar 2013,-,-,15 Mar 2013,21 Mar 2013,-
508494,WARRENTEA,WARREN TEA LTD.-$,21 Mar 2013,Bonus issue 7:10,22 Mar 2013,-,-,15 Mar 2013,21 Mar 2013,-
507828,ANSALHSG,Ansal Housing Ltd-$,10 Apr 2013,Bonus issue 2:1,12 Apr 2013,-,-,05 Apr 2013,11 Apr 2013,-
512165,ABANSENT,ABans Enterprises Ltd,26 Apr 2013,Bonus issue 1:1,07 May 2013,-,-,26 Apr 2013,11 May 2013,-
534567,VKSPL,VKS PROJECTS LTD.,03 May 2013,Bonus issue 5:2,06 May 2013,-,-,26 Apr 2013,03 May 2013,-
532038,EMMSONS,EMMSONS INTERNATIONAL LTD.-$,08 May 2013,Bonus issue 1:1,09 May 2013,-,-,02 May 2013,08 May 2013,-
523319,BALMLAWRIE,BALMER LAWRIE & CO.LTD.,23 May 2013,Bonus issue 3:4,24 May 2013,-,-,17 May 2013,23 May 2013,-
512377,MAGANTR,MAGNANIMOUS TRADE & FINANCE LTD.,28 May 2013,Bonus issue 3:1,04 Jun 2013,-,-,28 May 2013,07 Jun 2013,-
524709,NACLIND,NACL Industries Ltd,30 May 2013,Bonus issue 3:14,01 Jun 2013,-,-,27 May 2013,30 May 2013,-
531597,MIDPOLY,MIDLAND POLYMERS LTD.,10 Jun 2013,Bonus issue 1:1,11 Jun 2013,-,-,04 Jun 2013,10 Jun 2013,-
532928,TRIL,TRANSFORMERS AND RECTIFIERS (INDIA) LTD.,13 Jun 2013,Bonus issue 1:9,14 Jun 2013,-,-,07 Jun 2013,13 Jun 2013,-
506532,NITTAGELA,NITTA GELATIN INDIA LTD.-$,19 Jun 2013,Bonus issue 1:3,20 Jun 2013,-,-,13 Jun 2013,19 Jun 2013,-
507966,RASRESOR,RAS RESORTS & APART HOTELS LTD.,21 Jun 2013,Bonus issue 1:5,-,25 Jun 2013,25 Jun 2013,19 Jun 2013,24 Jun 2013,-
531162,EMAMILTD,EMAMI LTD.-$,26 Jun 2013,Bonus issue 1:2,27 Jun 2013,-,-,20 Jun 2013,26 Jun 2013,-
590085,GLOSTER2,GLOSTER LTD.,26 Jun 2013,Bonus issue 1:1,-,28 Jun 2013,28 Jun 2013,21 Jun 2013,26 Jun 2013,-
532782,SUTLEJTEX,SUTLEJ TEXTILES & INDUSTRIES LTD.,27 Jun 2013,Bonus issue 1:2,28 Jun 2013,-,-,21 Jun 2013,26 Jun 2013,-
533271,ASHOKA,ASHOKA BUILDCON LTD.,03 Jul 2013,Bonus issue 1:2,04 Jul 2013,-,-,27 Jun 2013,03 Jul 2013,-
501150,CENTRUM,CENTRUM CAPITAL LTD.,03 Jul 2013,Bonus issue 5:1,04 Jul 2013,-,-,26 Jun 2013,03 Jul 2013,-
530117,FAIRCHEM,Fairchem Speciality Ltd,03 Jul 2013,Bonus issue 1:10,04 Jul 2013,-,-,27 Jun 2013,03 Jul 2013,-
532366,PNBGILTS,PNB GILTS LTD.,03 Jul 2013,Bonus issue 1:3,04 Jul 2013,-,-,26 Jun 2013,03 Jul 2013,-
532543,GULFPETRO,GP Petroleums Limited,09 Jul 2013,Bonus issue 23:19,10 Jul 2013,-,-,03 Jul 2013,09 Jul 2013,-
531768,POLYMED,POLY MEDICURE LTD.,09 Jul 2013,Bonus issue 1:1,10 Jul 2013,-,-,03 Jul 2013,09 Jul 2013,-
500510,LT,LARSEN & TOUBRO LTD.,11 Jul 2013,Bonus issue 1:2,13 Jul 2013,-,-,08 Jul 2013,11 Jul 2013,-
530549,SHILPAMED,SHILPA MEDICARE LTD.,16 Jul 2013,Bonus issue 1:2,-,18 Jul 2013,19 Jul 2013,11 Jul 2013,17 Jul 2013,-
500420,TORNTPHARM,TORRENT PHARMACEUTICALS LTD.,23 Jul 2013,Bonus issue 1:1,24 Jul 2013,-,-,17 Jul 2013,23 Jul 2013,-
519552,HERITGFOOD,Heritage Foods Limited,26 Jul 2013,Bonus issue 1:1,29 Jul 2013,-,-,22 Jul 2013,26 Jul 2013,-
524715,SUNPHARMA,SUN PHARMACEUTICAL INDUSTRIES LTD.,29 Jul 2013,Bonus issue 1:1,30 Jul 2013,-,-,23 Jul 2013,29 Jul 2013,-
505585,ZKOVALIN,KOVALAM INVESTMENT & TRADING CO.LTD.,29 Jul 2013,Bonus issue 13:10,07 Aug 2013,-,-,29 Jul 2013,12 Aug 2013,-
532371,TTML,TATA TELESERVICES (MAHARASHTRA) LTD.,07 Aug 2013,Bonus issue 2:15,08 Aug 2013,-,-,01 Aug 2013,07 Aug 2013,-
519600,CCL,CCL PRODUCTS (INDIA) LTD.,19 Aug 2013,Bonus issue 1:1,20 Aug 2013,-,-,12 Aug 2013,19 Aug 2013,-
524470,SYNCOMF,SYNCOM FORMULATIONS (INDIA) LTD.-$,19 Aug 2013,Bonus issue 5:2,20 Aug 2013,-,-,12 Aug 2013,19 Aug 2013,-
508954,FINKURVE,Finkurve Financial Services Ltd,22 Aug 2013,Bonus issue 6:1,23 Aug 2013,-,-,16 Aug 2013,22 Aug 2013,-
522163,DIAPOWER,Diamond Power Infrastructure Limited-$,26 Aug 2013,Bonus issue 1:3,27 Aug 2013,-,-,26 Aug 2013,26 Aug 2013,-
531344,CONCOR,CONTAINER CORPORATION OF INDIA LTD.,06 Sep 2013,Bonus issue 1:2,10 Sep 2013,-,-,02 Sep 2013,06 Sep 2013,-
535466,SRL,SAMRUDDHI REALTY LTD.,11 Sep 2013,Bonus issue 1:5,12 Sep 2013,-,-,04 Sep 2013,11 Sep 2013,-
524648,INDOAMIN,INDO AMINES LTD.-$,16 Sep 2013,Bonus issue 1:1,17 Sep 2013,-,-,12 Sep 2013,16 Sep 2013,-
532331,AJANTPHARM,AJANTA PHARMA LTD.,17 Sep 2013,Bonus issue 1:2,18 Sep 2013,-,-,11 Sep 2013,17 Sep 2013,-
500360,RAPICUT,RAPICUT CARBIDES LTD.,20 Sep 2013,Bonus issue 3:2,23 Sep 2013,-,-,19 Sep 2013,20 Sep 2013,-
519105,AVTNPL,AVT NATURAL PRODUCTS LTD.,26 Sep 2013,Bonus issue 1:1,-,28 Sep 2013,28 Sep 2013,23 Sep 2013,26 Sep 2013,-
506235,ALEMBICLTD,ALEMBIC LTD.,27 Sep 2013,Bonus issue 1:1,30 Sep 2013,-,-,23 Sep 2013,27 Sep 2013,-
533276,BSLIMITED,BS LTD.,30 Sep 2013,Bonus issue 1:1,01 Oct 2013,-,-,24 Sep 2013,30 Sep 2013,-
513729,AROGRANITE,ARO GRANITE INDUSTRIES LTD.-$,30 Oct 2013,Bonus issue 1:2,31 Oct 2013,-,-,24 Oct 2013,30 Oct 2013,-
532880,OMAXE,OMAXE LTD.,11 Nov 2013,Bonus issue 10:39,12 Nov 2013,-,-,05 Nov 2013,11 Nov 2013,-
534707,ADITRI,Aditri Industries Ltd,28 Nov 2013,Bonus issue 1:1,29 Nov 2013,-,-,22 Nov 2013,28 Nov 2013,-
517334,MOTHERSUMI,MOTHERSON SUMI SYSTEMS LTD.,20 Dec 2013,Bonus issue 1:2,-,24 Dec 2013,24 Dec 2013,17 Dec 2013,23 Dec 2013,-
511208,IVC,IL&FS INVESTMENT MANAGERS LTD.,26 Dec 2013,Bonus issue 1:2,-,28 Dec 2013,28 Dec 2013,20 Dec 2013,26 Dec 2013,-
531695,VERONICAPRO,Veronica Production Ltd,24 Jan 2014,Bonus issue 2:1,27 Jan 2014,-,-,20 Jan 2014,24 Jan 2014,-
530047,MOHOTAIND,Mohota Industries Ltd,06 Feb 2014,Bonus issue 2:1,07 Feb 2014,-,-,31 Jan 2014,06 Feb 2014,-
532908,SHARONBIO,SHARON BIO-MEDICINE LTD.-$,20 Feb 2014,Bonus issue 1:1,21 Feb 2014,-,-,13 Feb 2014,20 Feb 2014,-
534060,PMCFIN,PMC Fincorp Limited,13 Mar 2014,Bonus issue 8:10,15 Mar 2014,-,-,10 Mar 2014,13 Mar 2014,-
532826,RAJTV,RAJ TELEVISION NETWORK LTD.,25 Mar 2014,Bonus issue 1:1,26 Mar 2014,-,-,20 Mar 2014,25 Mar 2014,-
530299,KOTHARIPRO,KOTHARI PRODUCTS LTD.,28 Mar 2014,Bonus issue 2:1,02 Apr 2014,-,-,26 Mar 2014,01 Apr 2014,-
522249,MAYURUNIQ,MAYUR UNIQUOTERS LTD.-$,28 Mar 2014,Bonus issue 1:1,02 Apr 2014,-,-,26 Mar 2014,01 Apr 2014,-
507488,GMBREW,G.M.BREWERIES LTD.,16 May 2014,Bonus issue 1:4,-,20 May 2014,22 May 2014,12 May 2014,19 May 2014,-
534680,SRGHFL,SRG HOUSING FINANCE LTD.,29 May 2014,Bonus issue 2:5,30 May 2014,-,-,23 May 2014,29 May 2014,-
532819,MINDTREE,MINDTREE LTD.,03 Jun 2014,Bonus issue 1:1,04 Jun 2014,-,-,28 May 2014,03 Jun 2014,-
511288,GRUH,GRUH FINANCE LTD.,09 Jun 2014,Bonus issue 1:1,10 Jun 2014,-,-,03 Jun 2014,09 Jun 2014,-
506401,DEEPAKNI,DEEPAK NITRITE LTD.-$,20 Jun 2014,Bonus issue 1:1,23 Jun 2014,-,-,16 Jun 2014,20 Jun 2014,-
500250,LGBBROSLTD,L.G.BALAKRISHNAN & BROS.LTD.,04 Jul 2014,Bonus issue 1:1,-,08 Jul 2014,09 Jul 2014,30 Jun 2014,07 Jul 2014,-
530117,FAIRCHEM,Fairchem Speciality Ltd,09 Jul 2014,Bonus issue 1:10,10 Jul 2014,-,-,03 Jul 2014,09 Jul 2014,-
523236,SHRENUJ,SHRENUJ & CO.LTD.,15 Jul 2014,Bonus issue 1:1,-,17 Jul 2014,17 Jul 2014,10 Jul 2014,16 Jul 2014,-
535136,KFL,KAVITA FABRICS LTD.,18 Jul 2014,Bonus issue 2:1,21 Jul 2014,-,-,14 Jul 2014,18 Jul 2014,-
534618,SAREL,Sangam Renewables Ltd,21 Jul 2014,BONUS,22 Jul 2014,-,-,16 Jul 2014,21 Jul 2014,-
536974,CPL,Captain Polyplast Ltd,24 Jul 2014,Bonus issue 1:5,26 Jul 2014,-,-,21 Jul 2014,24 Jul 2014,-
535387,LAKHOTIA,LAKHOTIA POLYESTERS (INDIA) LTD.,25 Jul 2014,Bonus issue 18:10,28 Jul 2014,-,-,21 Jul 2014,25 Jul 2014,-
513691,JMTAUTOLTD,JMT AUTO LTD.,30 Jul 2014,Bonus issue 5:2,31 Jul 2014,-,-,23 Jul 2014,30 Jul 2014,-
533389,SHILPI,SHILPI CABLE TECHNOLOGIES LTD.,16 Sep 2014,Bonus issue 1:1,17 Sep 2014,-,-,10 Sep 2014,16 Sep 2014,-
511176,PARSHWANA,PARSHWANATH CORPORATION LTD.,18 Sep 2014,Bonus issue 1:5,-,20 Sep 2014,20 Sep 2014,17 Sep 2014,18 Sep 2014,-
535466,SRL,SAMRUDDHI REALTY LTD.,18 Sep 2014,Bonus issue 1:5,19 Sep 2014,-,-,12 Sep 2014,18 Sep 2014,-
532410,TRANSCOR,TRANSCORP INTERNATIONAL LTD.,25 Sep 2014,Bonus issue 1:4,-,29 Sep 2014,29 Sep 2014,22 Sep 2014,26 Sep 2014,-
526739,SHAWGELTIN,NARMADA GELATINES LTD.,26 Sep 2014,Bonus issue 1:2,-,30 Sep 2014,30 Sep 2014,25 Sep 2014,29 Sep 2014,-
534623,JUPITERIN,JUPITER INFOMEDIA LTD.,29 Sep 2014,Bonus issue 1:1,30 Sep 2014,-,-,23 Sep 2014,29 Sep 2014,-
534532,LYPSAGEMS,Lypsa Gems & Jewellery Ltd,29 Sep 2014,Bonus issue 1:2,30 Sep 2014,-,-,23 Sep 2014,29 Sep 2014,-
506655,SUDARSCHEM,SUDARSHAN CHEMICAL INDUSTRIES LTD.,30 Sep 2014,Bonus issue 1:1,01 Oct 2014,-,-,24 Sep 2014,30 Sep 2014,-
532605,JBMA,JBM AUTO LTD.,08 Oct 2014,Bonus issue 1:1,09 Oct 2014,-,-,29 Sep 2014,08 Oct 2014,-
531373,THEBYKE,THE BYKE HOSPITALITY LTD.,09 Oct 2014,Bonus issue 1:1,10 Oct 2014,-,-,01 Oct 2014,09 Oct 2014,-
530557,NCLRESE,NCL RESEARCH & FINANCIAL SERVICES LTD.,16 Oct 2014,Bonus issue 4:1,17 Oct 2014,-,-,10 Oct 2014,16 Oct 2014,-
531467,ARNAVCORP,ARNAV CORPORATION LTD.,17 Oct 2014,Bonus issue 49:50,20 Oct 2014,-,-,13 Oct 2014,17 Oct 2014,-
531502,ESARIND,ESAAR (INDIA) LTD.,21 Oct 2014,Bonus issue 3:2,22 Oct 2014,-,-,14 Oct 2014,20 Oct 2014,-
532854,NITINFIRE,NITIN FIRE PROTECTION INDUSTRIES LTD.,13 Nov 2014,Bonus issue 1:3,15 Nov 2014,-,-,12 Nov 2014,13 Nov 2014,-
530961,VIKASECO,Vikas EcoTech Ltd,13 Nov 2014,Bonus issue 3:2,15 Nov 2014,-,-,13 Nov 2014,13 Nov 2014,-
531463,GBLINFRA,Global Infratech & Finance limited,14 Nov 2014,Bonus issue 1:10,17 Nov 2014,-,-,10 Nov 2014,14 Nov 2014,-
500209,INFY,INFOSYS LTD.,02 Dec 2014,Bonus issue 1:1,03 Dec 2014,-,-,26 Nov 2014,02 Dec 2014,-
503669,KKFIN,K K Fincorp Limited,11 Dec 2014,Bonus issue 3:1,12 Dec 2014,-,-,05 Dec 2014,11 Dec 2014,-
504382,SMPLXTR,SIMPLEX TRADING & AGENCIES LTD.,24 Dec 2014,Bonus issue 9:1,26 Dec 2014,-,-,18 Dec 2014,24 Dec 2014,-
511092,JMDVL,JMD Ventures Ltd,01 Jan 2015,Bonus issue 1:1,02 Jan 2015,-,-,26 Dec 2014,01 Jan 2015,-
533305,SRSREAL,SRS REAL INFRASTRUCTURE LTD.,13 Jan 2015,Bonus issue 1:1,14 Jan 2015,-,-,07 Jan 2015,13 Jan 2015,-
504240,DLTNCBL,DELTON CABLES LTD.,23 Jan 2015,Bonus issue 2:1,27 Jan 2015,-,-,19 Jan 2015,23 Jan 2015,-
531712,TRILOGIC,TRILOGIC DIGITAL MEDIA LTD.,11 Feb 2015,Bonus issue 1:1,12 Feb 2015,-,-,05 Feb 2015,11 Feb 2015,-
533333,FCL,FINEOTEX CHEMICAL LTD.,12 Feb 2015,Bonus issue 1:1,13 Feb 2015,-,-,06 Feb 2015,12 Feb 2015,-
505590,SVPGLOB,SVP GLOBAL VENTURES LTD.,04 Mar 2015,Bonus issue 9:1,05 Mar 2015,-,-,26 Feb 2015,04 Mar 2015,-
533179,PERSISTENT,PERSISTENT SYSTEMS LTD.,10 Mar 2015,Bonus issue 1:1,11 Mar 2015,-,-,03 Mar 2015,10 Mar 2015,-
531731,KUVAM,AARYA GLOBAL SHARES AND SECURITIES LTD.,11 Mar 2015,Bonus issue 3:4,12 Mar 2015,-,-,04 Mar 2015,11 Mar 2015,-
530047,MOHOTAIND,Mohota Industries Ltd,16 Mar 2015,Bonus issue 1:6,17 Mar 2015,-,-,10 Mar 2015,16 Mar 2015,-
532281,HCLTECH,HCL TECHNOLOGIES LTD.,19 Mar 2015,Bonus issue 1:1,20 Mar 2015,-,-,13 Mar 2015,19 Mar 2015,-
532755,TECHM,TECH MAHINDRA LTD.,19 Mar 2015,Bonus issue 1:1,20 Mar 2015,-,-,13 Mar 2015,19 Mar 2015,-
524348,AARTIDRUGS,AARTI DRUGS LTD.,24 Mar 2015,Bonus issue 1:1,25 Mar 2015,-,-,18 Mar 2015,24 Mar 2015,-
522233,VHCLINDUS,VHCL INDUSTRIES LTD.,26 Mar 2015,Bonus issue 3:1,27 Mar 2015,-,-,20 Mar 2015,26 Mar 2015,-
533269,WABAG,VA TECH WABAG LTD.,26 Mar 2015,Bonus issue 1:1,27 Mar 2015,-,-,20 Mar 2015,26 Mar 2015,-
530305,PICCADIL,PICCADILY AGRO INDUSTRIES LTD.,06 Apr 2015,Bonus issue 1:1,07 Apr 2015,-,-,27 Mar 2015,06 Apr 2015,-
532851,INSECTICID,INSECTICIDES (INDIA) LTD.,16 Apr 2015,Bonus issue 1:2,17 Apr 2015,-,-,09 Apr 2015,16 Apr 2015,-
501270,ANTARIKSH,Antariksh Industries Ltd,05 May 2015,Bonus issue 3:1,06 May 2015,-,-,27 Apr 2015,05 May 2015,-
532456,COMPUAGE,COMPUAGE INFOCOM LTD.,26 May 2015,Bonus issue 3:5,27 May 2015,-,-,25 May 2015,26 May 2015,-
506146,VIVIDHA,VISAGAR POLYTEX LTD.,28 May 2015,Bonus issue 10:1,30 May 2015,-,-,25 May 2015,28 May 2015,-
500209,INFY,INFOSYS LTD.,15 Jun 2015,Bonus issue 1:1,-,17 Jun 2015,17 Jun 2015,10 Jun 2015,16 Jun 2015,-
533304,CMAHENDRA,C. MAHENDRA EXPORTS LTD.,18 Jun 2015,Bonus issue 1:1,19 Jun 2015,-,-,16 Jun 2015,18 Jun 2015,-
509048,LANCORHOL,LANCOR HOLDINGS LTD.,24 Jun 2015,Bonus issue 1:1,25 Jun 2015,-,-,18 Jun 2015,24 Jun 2015,-
533569,SRSLTD,SRS LTD.,25 Jun 2015,Bonus issue 1:1,26 Jun 2015,-,-,19 Jun 2015,25 Jun 2015,-
530517,RELAXO,RELAXO FOOTWEARS LTD.-$,01 Jul 2015,Bonus issue 1:1,02 Jul 2015,-,-,25 Jun 2015,01 Jul 2015,-
500469,FEDERALBNK,FEDERAL BANK LTD.,08 Jul 2015,Bonus issue 1:1,09 Jul 2015,-,-,02 Jul 2015,08 Jul 2015,-
500247,KOTAKBANK,KOTAK MAHINDRA BANK LTD.,08 Jul 2015,Bonus issue 1:1,09 Jul 2015,-,-,02 Jul 2015,08 Jul 2015,-
538970,MANVIJAY,Manvijay Development Company Ltd,08 Jul 2015,Bonus issue 1:1,09 Jul 2015,-,-,02 Jul 2015,08 Jul 2015,-
590078,MAITHANALL,MAITHAN ALLOYS LTD.,15 Jul 2015,Bonus issue 1:1,16 Jul 2015,-,-,09 Jul 2015,15 Jul 2015,-
524804,AUROPHARMA,AUROBINDO PHARMA LTD.,20 Jul 2015,Bonus issue 1:1,21 Jul 2015,-,-,14 Jul 2015,20 Jul 2015,-
517334,MOTHERSUMI,MOTHERSON SUMI SYSTEMS LTD.,23 Jul 2015,Bonus issue 1:2,-,25 Jul 2015,25 Jul 2015,20 Jul 2015,23 Jul 2015,-
533152,MBLINFRA,MBL Infrastructures Ltd,28 Jul 2015,Bonus issue 1:1,29 Jul 2015,-,-,22 Jul 2015,28 Jul 2015,-
506260,ANUHPHR,ANUH PHARMA LTD.,05 Aug 2015,Bonus issue 2:1,06 Aug 2015,-,-,30 Jul 2015,05 Aug 2015,-
512011,TEATIME,TEA TIME LTD.,28 Aug 2015,Bonus issue 093200    ,08 Sep 2015,-,-,28 Aug 2015,11 Sep 2015,-
534060,PMCFIN,PMC Fincorp Limited,31 Aug 2015,Bonus issue 1:1,01 Sep 2015,-,-,25 Aug 2015,31 Aug 2015,-
521220,DAMOINDUS,DAMODAR INDUSTRIES LTD.-$,02 Sep 2015,Bonus issue 1:4,03 Sep 2015,-,-,27 Aug 2015,02 Sep 2015,-
504000,ELPROINTL,ELPRO INTERNATIONAL LTD.,08 Sep 2015,Bonus issue 2:1,-,10 Sep 2015,10 Sep 2015,07 Sep 2015,09 Sep 2015,-
511072,DHFL,DEWAN HOUSING FINANCE CORPORATION LTD.,09 Sep 2015,Bonus issue 1:1,10 Sep 2015,-,-,03 Sep 2015,09 Sep 2015,-
500049,BEL,BHARAT ELECTRONICS LTD.,14 Sep 2015,Bonus issue 2:1,15 Sep 2015,-,-,08 Sep 2015,14 Sep 2015,-
523694,APCOTEXIND,APCOTEX INDUSTRIES LTD.,23 Sep 2015,Bonus issue 1:1,24 Sep 2015,-,-,18 Sep 2015,23 Sep 2015,-
500830,COLPAL,COLGATE-PALMOLIVE (INDIA) LTD.,23 Sep 2015,Bonus issue 1:1,24 Sep 2015,-,-,16 Sep 2015,23 Sep 2015,-
532488,DIVISLAB,DIVI'S LABORATORIES LTD.,23 Sep 2015,Bonus issue 1:1,26 Sep 2015,-,-,18 Sep 2015,23 Sep 2015,-
501831,COASTCORP,COASTAL CORPORATION LTD.,29 Sep 2015,Bonus issue 1:1,-,01 Oct 2015,01 Oct 2015,29 Sep 2015,06 Oct 2015,-
526519,ALPINEHOU,ALPINE HOUSING DEVELOPMENT CORPORATION LTD.,06 Oct 2015,Bonus issue 1:1,-,08 Oct 2015,08 Oct 2015,30 Sep 2015,07 Oct 2015,-
506248,AMNPLST,AMINES & PLASTICIZERS LTD.,08 Oct 2015,Bonus issue 1:1,09 Oct 2015,-,-,01 Oct 2015,08 Oct 2015,-
536974,CPL,Captain Polyplast Ltd,08 Oct 2015,Bonus issue 1:8,10 Oct 2015,-,-,05 Oct 2015,08 Oct 2015,-
538771,PINCON,Pincon Spirit Ltd,08 Oct 2015,Bonus issue 1:1,10 Oct 2015,-,-,05 Oct 2015,08 Oct 2015,-
532776,SHIVAMAUTO,SHIVAM AUTOTECH LTD.,08 Oct 2015,Bonus issue 1:1,10 Oct 2015,-,-,05 Oct 2015,08 Oct 2015,-
536264,TIGERLOGS,Tiger Logistics (India) Ltd,15 Oct 2015,Bonus issue 3:2,16 Oct 2015,-,-,09 Oct 2015,15 Oct 2015,-
504380,ZVINADTR,VINADITYA TRADING CO.LTD.,15 Oct 2015,Bonus issue 47:1,16 Oct 2015,-,-,13 Oct 2015,15 Oct 2015,-
538715,DHABRIYA,Dhabriya Polywood Ltd,21 Oct 2015,Bonus issue 1:4,23 Oct 2015,-,-,15 Oct 2015,21 Oct 2015,-
503169,RUBYMILLS,RUBY MILLS LTD.,21 Oct 2015,Bonus issue 1:1,24 Oct 2015,-,-,16 Oct 2015,21 Oct 2015,-
524444,KAVITIND,Kavit Industries Limited,23 Oct 2015,Bonus issue 1:3,26 Oct 2015,-,-,16 Oct 2015,23 Oct 2015,-
514474,FAIRDSY,FAIR DEAL FILAMENTS LTD.-$,29 Oct 2015,Bonus issue 1:10,31 Oct 2015,-,-,26 Oct 2015,29 Oct 2015,-
534422,LOOKS,Looks Health Services Limited,29 Oct 2015,Bonus issue 3:4,30 Oct 2015,-,-,23 Oct 2015,29 Oct 2015,-
532927,ECLERX,ECLERX SERVICES LTD.,17 Dec 2015,Bonus issue 1:3,18 Dec 2015,-,-,11 Dec 2015,17 Dec 2015,-
505850,MANCREDIT,MANGAL CREDIT AND FINCORP LTD.,17 Dec 2015,Bonus issue 5:1,19 Dec 2015,-,-,14 Dec 2015,17 Dec 2015,-
503101,MARATHON,MARATHON NEXTGEN REALTY LTD.,21 Dec 2015,Bonus issue 1:2,22 Dec 2015,-,-,15 Dec 2015,21 Dec 2015,-
523261,VENKYS,VENKY'S (INDIA) LTD.,21 Dec 2015,Bonus issue 1:2,22 Dec 2015,-,-,15 Dec 2015,21 Dec 2015,-
531642,MARICO,MARICO LTD.,22 Dec 2015,Bonus issue 1:1,24 Dec 2015,-,-,17 Dec 2015,22 Dec 2015,-
532749,ALLCARGO,ALLCARGO LOGISTICS LTD.,30 Dec 2015,Bonus issue 1:1,31 Dec 2015,-,-,28 Dec 2015,30 Dec 2015,-
530299,KOTHARIPRO,KOTHARI PRODUCTS LTD.,05 Jan 2016,Bonus issue 1:2,06 Jan 2016,-,-,30 Dec 2015,05 Jan 2016,-
522295,CONTROLPR,CONTROL PRINT LTD.-$,11 Jan 2016,Bonus issue 1:2,12 Jan 2016,-,-,05 Jan 2016,11 Jan 2016,-
539132,VEGETABLE,Vegetable Products Ltd,18 Feb 2016,Bonus issue 9:5,22 Feb 2016,-,-,15 Feb 2016,19 Feb 2016,-
512165,ABANSENT,ABans Enterprises Ltd,03 Mar 2016,Bonus issue 7:1,04 Mar 2016,-,-,26 Feb 2016,03 Mar 2016,-
532819,MINDTREE,MINDTREE LTD.,09 Mar 2016,Bonus issue 1:1,10 Mar 2016,-,-,02 Mar 2016,09 Mar 2016,-
507526,ASALCBR,ASSOCIATED ALCOHOLS & BREWERIES LTD.,10 Mar 2016,Bonus issue 1:1,11 Mar 2016,-,-,03 Mar 2016,10 Mar 2016,-
531328,KRETTOSYS,Kretto Syscon Ltd,10 Mar 2016,Bonus issue 2:5,12 Mar 2016,-,-,04 Mar 2016,10 Mar 2016,-
539309,RAMASTEEL,Rama Steel Tubes Ltd,14 Mar 2016,Bonus issue 4:1,15 Mar 2016,-,-,08 Mar 2016,14 Mar 2016,-
590005,TIDEWATER,TIDE WATER OIL (INDIA) LTD.,16 Mar 2016,Bonus issue 1:1,17 Mar 2016,-,-,10 Mar 2016,16 Mar 2016,-
530187,ATHARVENT,ATHARV ENTERPRISES LTD.,17 Mar 2016,Bonus issue 1:1,19 Mar 2016,-,-,14 Mar 2016,17 Mar 2016,-
506146,VIVIDHA,VISAGAR POLYTEX LTD.,30 Mar 2016,Bonus issue 1:3,02 Apr 2016,-,-,28 Mar 2016,30 Mar 2016,-
539098,FILTRA,Filtra Consultants and Engineers Ltd,06 Apr 2016,Bonus issue 3:2,08 Apr 2016,-,-,31 Mar 2016,06 Apr 2016,-
532526,DISHMAN,DISHMAN PHARMACEUTICALS & CHEMICALS LTD.,02 May 2016,Bonus issue 1:1,03 May 2016,-,-,26 Apr 2016,02 May 2016,-
539223,AMBITION,Ambition Mica Ltd,11 May 2016,Bonus issue 1:1,12 May 2016,-,-,05 May 2016,11 May 2016,-
538595,GLOSTER,Gloster Ltd,20 May 2016,Bonus issue 1:1,23 May 2016,-,-,16 May 2016,20 May 2016,-
507488,GMBREW,G.M.BREWERIES LTD.,30 May 2016,Bonus issue 1:4,31 May 2016,-,-,24 May 2016,30 May 2016,-
537259,SUYOG,Suyog Telematics Ltd,13 Jun 2016,Bonus issue 1:5,14 Jun 2016,-,-,07 Jun 2016,13 Jun 2016,-
538771,PINCON,Pincon Spirit Ltd,23 Jun 2016,Bonus issue 1:1,25 Jun 2016,-,-,20 Jun 2016,23 Jun 2016,-
500875,ITC,ITC LTD.,01 Jul 2016,Bonus issue 1:2,04 Jul 2016,-,-,27 Jun 2016,01 Jul 2016,-
500547,BPCL,BHARAT PETROLEUM CORPORATION LTD.,13 Jul 2016,Bonus issue 1:1,14 Jul 2016,-,-,07 Jul 2016,13 Jul 2016,-
531531,HATSUN,HATSUN AGRO PRODUCT LTD.,13 Jul 2016,Bonus issue 2:5,14 Jul 2016,-,-,07 Jul 2016,13 Jul 2016,-
526367,GANESHHOUC,GANESH HOUSING CORPORATION LTD.-$,14 Jul 2016,Bonus issue 1:2,15 Jul 2016,-,-,12 Jul 2016,14 Jul 2016,-
506076,GRINDWELL,GRINDWELL NORTON LTD.-$,14 Jul 2016,Bonus issue 1:1,15 Jul 2016,-,-,08 Jul 2016,14 Jul 2016,-
509480,BERGEPAINT,BERGER PAINTS INDIA LTD.,15 Jul 2016,Bonus issue 2:5,18 Jul 2016,-,-,11 Jul 2016,15 Jul 2016,-
501298,INDPRUD,INDUSTRIAL & PRUDENTIAL INVESTMENTS CO.LTD.,19 Jul 2016,Bonus issue 2:1,20 Jul 2016,-,-,15 Jul 2016,19 Jul 2016,-
539225,JIYAECO,Jiya Eco-Products Ltd,27 Jul 2016,Bonus issue 1:5,28 Jul 2016,-,-,25 Jul 2016,27 Jul 2016,-
508980,FRONTCAP,Frontier Capital Ltd,28 Jul 2016,Bonus issue 1:3,29 Jul 2016,-,-,22 Jul 2016,28 Jul 2016,-
538019,OBIL,Oceanaa Biotek Industries Ltd,28 Jul 2016,Bonus issue 7:10,30 Jul 2016,-,-,25 Jul 2016,28 Jul 2016,-
539196,AEL,Amba Enterprises Ltd,08 Aug 2016,Bonus issue 1:5,09 Aug 2016,-,-,02 Aug 2016,08 Aug 2016,-
590018,HISARMET,HISAR METAL INDUSTRIES LTD.-$,09 Aug 2016,Bonus issue 1:2,10 Aug 2016,-,-,03 Aug 2016,09 Aug 2016,-
533289,KTIL,KESAR TERMINALS & INFRASTRUCTURE LTD.,11 Aug 2016,Bonus issue 1:25,13 Aug 2016,-,-,08 Aug 2016,11 Aug 2016,-
532810,PFC,POWER FINANCE CORPORATION LTD.,26 Aug 2016,Bonus issue 1:1,29 Aug 2016,-,-,22 Aug 2016,26 Aug 2016,-
523828,MENONBE,MENON BEARINGS LTD.-$,30 Aug 2016,Bonus issue 1:5,31 Aug 2016,-,-,24 Aug 2016,30 Aug 2016,-
538547,OASIS,Oasis Tradelink Ltd,30 Aug 2016,Bonus issue 1:3,31 Aug 2016,-,-,24 Aug 2016,30 Aug 2016,-
513023,NBVENTURES,NAVA BHARAT VENTURES LTD.,01 Sep 2016,Bonus issue 1:1,03 Sep 2016,-,-,29 Aug 2016,01 Sep 2016,-
533281,TECHNO,TECHNO ELECTRIC AND ENGINEERING CO. LTD.,06 Sep 2016,Bonus issue 1:1,07 Sep 2016,-,-,31 Aug 2016,06 Sep 2016,-
500034,BAJFINANCE,Bajaj Finance Limited,08 Sep 2016,Bonus issue 1:1,10 Sep 2016,-,-,02 Sep 2016,08 Sep 2016,-
538706,ULTRACAB,Ultracab (India) Ltd,08 Sep 2016,Bonus issue 1:2,09 Sep 2016,-,-,01 Sep 2016,08 Sep 2016,-
526586,WIMPLAST,WIM PLAST LTD.-$,08 Sep 2016,Bonus issue 1:1,09 Sep 2016,-,-,01 Sep 2016,08 Sep 2016,-
538713,ATISHAY,Atishay Ltd,14 Sep 2016,Bonus issue 1:4,15 Sep 2016,-,-,12 Sep 2016,14 Sep 2016,-
500104,HINDPETRO,HINDUSTAN PETROLEUM CORPORATION LTD.,14 Sep 2016,Bonus issue 2:1,15 Sep 2016,-,-,07 Sep 2016,14 Sep 2016,-
517385,SYMPHONY,Symphony Limited,14 Sep 2016,Bonus issue 1:1,15 Sep 2016,-,-,07 Sep 2016,14 Sep 2016,-
507779,KANPRPLA,KANPUR PLASTIPACK LTD.,23 Sep 2016,Bonus issue 1:2,26 Sep 2016,-,-,20 Sep 2016,23 Sep 2016,-
537069,ARNOLD,Arnold Holdings Ltd,27 Sep 2016,Bonus issue 5:1,28 Sep 2016,-,-,21 Sep 2016,27 Sep 2016,-
537524,VIAANINDUS,Viaan Industries Ltd,27 Sep 2016,Bonus issue 2:1,-,29 Sep 2016,29 Sep 2016,22 Sep 2016,28 Sep 2016,-
532955,RECLTD,REC Ltd,28 Sep 2016,Bonus issue 1:1,29 Sep 2016,-,-,22 Sep 2016,28 Sep 2016,-
502015,ASIIL,ASI Industries Ltd,29 Sep 2016,Bonus issue 1:4,30 Sep 2016,-,-,26 Sep 2016,29 Sep 2016,-
530801,DIAMOND,DIAMOND INFOSYSTEMS LTD.,04 Oct 2016,Bonus issue 2:1,05 Oct 2016,-,-,28 Sep 2016,04 Oct 2016,-
538733,STARLIT,Starlit Power Systems Ltd,06 Oct 2016,Bonus issue 1:4,07 Oct 2016,-,-,30 Sep 2016,06 Oct 2016,-
512161,8KMILES,8K MILES SOFTWARE SERVICES LTD.,10 Oct 2016,Bonus issue 1:3,13 Oct 2016,-,-,04 Oct 2016,10 Oct 2016,-
530305,PICCADIL,PICCADILY AGRO INDUSTRIES LTD.,10 Oct 2016,Bonus issue 1:1,13 Oct 2016,-,-,05 Oct 2016,10 Oct 2016,-
530307,CHAMANSEQ,CHAMAN LAL SETIA EXPORTS LTD.-$,14 Oct 2016,Bonus issue 1:10,17 Oct 2016,-,-,06 Oct 2016,14 Oct 2016,-
530965,IOC,INDIAN OIL CORPORATION LTD.,18 Oct 2016,Bonus issue 1:1,19 Oct 2016,-,-,10 Oct 2016,18 Oct 2016,-
531082,ALANKIT,Alankit Ltd,19 Oct 2016,Bonus issue 1:1,20 Oct 2016,-,-,14 Oct 2016,19 Oct 2016,-
537092,MODEX,Modex International Securities Ltd,20 Oct 2016,Bonus issue 1:1,21 Oct 2016,-,-,14 Oct 2016,20 Oct 2016,-
517080,HIGHGROUND,High Ground Enterprise Ltd,24 Oct 2016,Bonus issue 1:10,25 Oct 2016,-,-,18 Oct 2016,24 Oct 2016,-
532711,SUNILHITEC,SUNIL HITECH ENGINEERS LTD.,01 Dec 2016,Bonus issue 1:1,03 Dec 2016,-,-,28 Nov 2016,01 Dec 2016,-
504741,INDIANHUME,INDIAN HUME PIPE CO.LTD.,09 Dec 2016,Bonus issue 1:1,13 Dec 2016,-,-,06 Dec 2016,12 Dec 2016,-
500312,ONGC,OIL AND NATURAL GAS CORPORATION LTD.,15 Dec 2016,Bonus issue 1:2,16 Dec 2016,-,-,08 Dec 2016,15 Dec 2016,-
539398,VISHALBL,Vishal Bearings Ltd,15 Dec 2016,Bonus issue 1:4,16 Dec 2016,-,-,08 Dec 2016,15 Dec 2016,-
523319,BALMLAWRIE,BALMER LAWRIE & CO.LTD.,26 Dec 2016,Bonus issue 3:1,27 Dec 2016,-,-,20 Dec 2016,26 Dec 2016,-
532178,ENGINERSIN,ENGINEERS INDIA LTD.,30 Dec 2016,Bonus issue 1:1,02 Jan 2017,-,-,26 Dec 2016,30 Dec 2016,-
539982,ASYL,Advance Syntex Ltd,04 Jan 2017,Bonus issue 3:20,05 Jan 2017,-,-,29 Dec 2016,04 Jan 2017,-
531723,STAMPEDE,Stampede Capital Limited,10 Jan 2017,Bonus issue 1:4,11 Jan 2017,-,-,09 Jan 2017,10 Jan 2017,-
533106,OIL,OIL INDIA LTD.,12 Jan 2017,Bonus issue 1:3,13 Jan 2017,-,-,06 Jan 2017,12 Jan 2017,-
524764,NUTRA,Nutraplus India Limited,19 Jan 2017,Bonus issue 1:10,20 Jan 2017,-,-,13 Jan 2017,19 Jan 2017,-
539223,AMBITION,Ambition Mica Ltd,03 Feb 2017,Bonus issue 1:2,06 Feb 2017,-,-,30 Jan 2017,03 Feb 2017,-
531109,ISHANCH,ISHAN DYES & CHEMICALS LTD.,14 Feb 2017,Bonus issue 1:2,15 Feb 2017,-,-,08 Feb 2017,14 Feb 2017,-
512626,ORBTEXP,ORBIT EXPORTS LTD.,14 Feb 2017,Bonus issue 1:1,15 Feb 2017,-,-,09 Feb 2017,14 Feb 2017,-
534309,NBCC,NBCC (India) Ltd,17 Feb 2017,Bonus issue 1:2,21 Feb 2017,-,-,14 Feb 2017,17 Feb 2017,-
539017,ASHFL,Akme Star Housing Finance Ltd,07 Mar 2017,Bonus issue 1:1,08 Mar 2017,-,-,01 Mar 2017,07 Mar 2017,-
539428,TEJNAKSH,Tejnaksh Healthcare Ltd,08 Mar 2017,Bonus issue 1:1,09 Mar 2017,-,-,02 Mar 2017,08 Mar 2017,-
532155,GAIL,GAIL (INDIA) LTD.,09 Mar 2017,Bonus issue 1:3,11 Mar 2017,-,-,06 Mar 2017,09 Mar 2017,-
540023,COLORCHIPS,Colorchips New Media Ltd,10 Mar 2017,Bonus issue 1:1,14 Mar 2017,-,-,06 Mar 2017,10 Mar 2017,-
539686,KPEL,K.P. Energy Ltd,15 Mar 2017,Bonus issue 1.501     ,16 Mar 2017,-,-,08 Mar 2017,15 Mar 2017,-
532953,VGUARD,V-GUARD INDUSTRIES LTD.,15 Mar 2017,Bonus issue 2:5,16 Mar 2017,-,-,08 Mar 2017,15 Mar 2017,-
536170,KUSHAL,Kushal Ltd,16 Mar 2017,Bonus issue 1:1,17 Mar 2017,-,-,09 Mar 2017,16 Mar 2017,-
531768,POLYMED,POLY MEDICURE LTD.,24 Mar 2017,Bonus issue 1:1,28 Mar 2017,-,-,21 Mar 2017,24 Mar 2017,-
540024,ASHARI,Ashari Agencies Ltd,31 Mar 2017,Bonus issue 4:1,03 Apr 2017,-,-,24 Mar 2017,31 Mar 2017,-
531344,CONCOR,CONTAINER CORPORATION OF INDIA LTD.,05 Apr 2017,Bonus issue 1:4,06 Apr 2017,-,-,29 Mar 2017,05 Apr 2017,-
534734,RMCHEM,Ram Minerals and Chemicals Ltd,18 Apr 2017,Bonus issue 4:1,19 Apr 2017,-,-,11 Apr 2017,18 Apr 2017,-
539447,BEARDSELL,Beardsell Ltd,04 May 2017,Bonus issue 1:5,05 May 2017,-,-,28 Apr 2017,04 May 2017,-
509635,HINDCOMPOS,HINDUSTAN COMPOSITES LTD.,25 May 2017,Bonus issue 1:2,26 May 2017,-,-,19 May 2017,25 May 2017,-
511766,MUTHTFN,MUTHOOT CAPITAL SERVICES LTD.,12 Jun 2017,Bonus issue 1:10,13 Jun 2017,-,-,06 Jun 2017,12 Jun 2017,-
507685,WIPRO,WIPRO LTD.,13 Jun 2017,Bonus issue 1:1,14 Jun 2017,-,-,07 Jun 2017,13 Jun 2017,-
532523,BIOCON,BIOCON LTD.,15 Jun 2017,Bonus issue 2:1,17 Jun 2017,-,-,12 Jun 2017,15 Jun 2017,-
509945,THACKER,THACKER & CO.LTD.,16 Jun 2017,Bonus issue 32:21,19 Jun 2017,-,-,12 Jun 2017,16 Jun 2017,-
532174,ICICIBANK,ICICI BANK LTD.,20 Jun 2017,Bonus issue 1:10,-,22 Jun 2017,24 Jun 2017,15 Jun 2017,21 Jun 2017,-
532424,GODREJCP,GODREJ CONSUMER PRODUCTS LTD.,22 Jun 2017,Bonus issue 1:1,24 Jun 2017,-,-,19 Jun 2017,22 Jun 2017,-
521248,KITEX,KITEX GARMENTS LTD.,22 Jun 2017,Bonus issue 2:5,23 Jun 2017,-,-,16 Jun 2017,22 Jun 2017,-
532522,PETRONET,PETRONET LNG LTD.,03 Jul 2017,Bonus issue 1:1,04 Jul 2017,-,-,27 Jun 2017,03 Jul 2017,-
523648,PLASTIBLEN,PLASTIBLENDS INDIA LTD.-$,03 Jul 2017,Bonus issue 1:1,04 Jul 2017,-,-,27 Jun 2017,03 Jul 2017,-
519260,SANWARIA,Sanwaria Consumer Ltd-$,03 Jul 2017,Bonus issue 1:1,04 Jul 2017,-,-,27 Jun 2017,03 Jul 2017,-
517334,MOTHERSUMI,MOTHERSON SUMI SYSTEMS LTD.,05 Jul 2017,Bonus issue 1:2,-,07 Jul 2017,07 Jul 2017,30 Jun 2017,06 Jul 2017,-
534809,PCJEWELLER,PC JEWELLER LTD.,06 Jul 2017,Bonus issue 1:1,07 Jul 2017,-,-,30 Jun 2017,06 Jul 2017,-
512297,SHANTAI,Shantai Industries Ltd,07 Jul 2017,Bonus issue 2:1,10 Jul 2017,-,-,03 Jul 2017,07 Jul 2017,-
532906,MAANALU,MAAN ALUMINIUM LTD.,10 Jul 2017,Bonus issue 1:1,11 Jul 2017,-,-,04 Jul 2017,10 Jul 2017,-
533088,MHRIL,MAHINDRA HOLIDAYS & RESORTS INDIA LTD.,10 Jul 2017,Bonus issue 1:2,11 Jul 2017,-,-,04 Jul 2017,10 Jul 2017,-
500104,HINDPETRO,HINDUSTAN PETROLEUM CORPORATION LTD.,11 Jul 2017,Bonus issue 1:2,12 Jul 2017,-,-,05 Jul 2017,11 Jul 2017,-
520059,MUNJALAU,MUNJAL AUTO INDUSTRIES LTD.,11 Jul 2017,Bonus issue 1:1,12 Jul 2017,-,-,05 Jul 2017,11 Jul 2017,-
534532,LYPSAGEMS,Lypsa Gems & Jewellery Ltd,12 Jul 2017,Bonus issue 2:5,13 Jul 2017,-,-,06 Jul 2017,12 Jul 2017,-
500547,BPCL,BHARAT PETROLEUM CORPORATION LTD.,13 Jul 2017,Bonus issue 1:2,15 Jul 2017,-,-,10 Jul 2017,13 Jul 2017,-
532210,CUB,CITY UNION BANK LTD.,13 Jul 2017,Bonus issue 1:10,15 Jul 2017,-,-,10 Jul 2017,13 Jul 2017,-
533761,GPTINFRA,GPT INFRAPROJECTS LTD.,13 Jul 2017,Bonus issue 1:1,-,15 Jul 2017,17 Jul 2017,10 Jul 2017,13 Jul 2017,-
500510,LT,LARSEN & TOUBRO LTD.,13 Jul 2017,Bonus issue 1:2,14 Jul 2017,-,-,07 Jul 2017,13 Jul 2017,-
524330,JAYAGROGN,JAYANT AGRO-ORGANICS LTD.,01 Aug 2017,Bonus issue 1:1,02 Aug 2017,-,-,26 Jul 2017,01 Aug 2017,-
537820,VFL,Viji Finance Ltd,04 Aug 2017,Bonus issue 1:10,07 Aug 2017,-,-,31 Jul 2017,04 Aug 2017,-
538734,CEINSYSTECH,Ceinsys Tech Ltd,10 Aug 2017,Bonus issue 1:10,11 Aug 2017,-,-,04 Aug 2017,10 Aug 2017,-
590130,OKANCOTEA,KANCO TEA & INDUSTRIES LTD.,22 Aug 2017,Bonus issue 2:1,23 Aug 2017,-,-,14 Aug 2017,22 Aug 2017,-
539090,RAJPUTANA,Rajputana Investment and Finance Ltd,28 Aug 2017,Bonus issue 9:5,29 Aug 2017,-,-,21 Aug 2017,28 Aug 2017,-
539275,MSL,Mangalam Seeds Ltd,30 Aug 2017,Bonus issue 1:1,31 Aug 2017,-,-,23 Aug 2017,30 Aug 2017,-
500325,RELIANCE,RELIANCE INDUSTRIES LTD.,07 Sep 2017,Bonus issue 1:1,09 Sep 2017,-,-,04 Sep 2017,07 Sep 2017,-
500408,TATAELXSI,TATA ELXSI LTD.,18 Sep 2017,Bonus issue 1:1,19 Sep 2017,-,-,12 Sep 2017,18 Sep 2017,-
539227,LOYAL,Loyal Equipments Ltd,27 Sep 2017,Bonus issue 1:2,28 Sep 2017,-,-,21 Sep 2017,27 Sep 2017,-
539207,MANPASAND,Manpasand Beverages Ltd,27 Sep 2017,Bonus issue 1:1,28 Sep 2017,-,-,21 Sep 2017,27 Sep 2017,-
533286,MOIL,MOIL LTD.,27 Sep 2017,Bonus issue 1:1,28 Sep 2017,-,-,21 Sep 2017,27 Sep 2017,-
500049,BEL,BHARAT ELECTRONICS LTD.,28 Sep 2017,Bonus issue 1:10,29 Sep 2017,-,-,22 Sep 2017,28 Sep 2017,-
500493,BHARATFORG,BHARAT FORGE LTD.,28 Sep 2017,Bonus issue 1:1,30 Sep 2017,-,-,25 Sep 2017,28 Sep 2017,-
500103,BHEL,BHARAT HEAVY ELECTRICALS LTD.,28 Sep 2017,Bonus issue 1:2,30 Sep 2017,-,-,25 Sep 2017,28 Sep 2017,-
524820,PANAMAPET,PANAMA PETROCHEM LTD.,03 Oct 2017,Bonus issue 1:2,04 Oct 2017,-,-,26 Sep 2017,03 Oct 2017,-
513097,SHBCLQ,SHIVALIK BIMETAL CONTROLS LTD.,05 Oct 2017,Bonus issue 1:1,06 Oct 2017,-,-,28 Sep 2017,05 Oct 2017,-
539229,MRSS,Majestic Research Services and Solutions Ltd,10 Oct 2017,Bonus issue 1:1,11 Oct 2017,-,-,04 Oct 2017,10 Oct 2017,-
511463,ALEXANDER,Alexander Stamps And Coin Ltd,11 Oct 2017,Bonus issue 1:5,12 Oct 2017,-,-,05 Oct 2017,11 Oct 2017,-
539997,KPL,Kwality Pharmaceuticals Ltd,11 Oct 2017,Bonus issue 1:1,12 Oct 2017,-,-,09 Oct 2017,11 Oct 2017,-
530201,KALLAM,Kallam Textiles Ltd-$,12 Oct 2017,Bonus issue 1:4,13 Oct 2017,-,-,06 Oct 2017,12 Oct 2017,-
538987,TALBROSENG,Talbros Engineering Ltd,12 Oct 2017,Bonus issue 1:1,14 Oct 2017,-,-,09 Oct 2017,12 Oct 2017,-
512277,AUTOINT,AUTORIDERS INTERNATIONAL LTD.,19 Oct 2017,Bonus issue 1:1,31 Oct 2017,-,-,19 Oct 2017,03 Nov 2017,-
531591,BAMPSL,BAMPSL SECURITIES LTD.,26 Oct 2017,Bonus issue 3:20,27 Oct 2017,-,-,18 Oct 2017,26 Oct 2017,-
539151,ARFIN,Arfin India Ltd,01 Nov 2017,Bonus issue 2:1,02 Nov 2017,-,-,26 Oct 2017,01 Nov 2017,-
533154,INFINITE,Infinite Computer Solutions (India) Ltd,01 Nov 2017,Bonus issue 1:26,02 Nov 2017,-,-,26 Oct 2017,01 Nov 2017,-
539228,GGPL,Gala Global Products Ltd,10 Nov 2017,Bonus issue 1:20,13 Nov 2017,-,-,06 Nov 2017,10 Nov 2017,-
535910,MMLF,Money Masters Leasing & Finance Ltd,13 Nov 2017,Bonus issue 1:4,14 Nov 2017,-,-,07 Nov 2017,13 Nov 2017,-
539363,SKC,Sri Krishna Constructions (India) Ltd,06 Dec 2017,Bonus issue 1:10,07 Dec 2017,-,-,29 Nov 2017,06 Dec 2017,-
502355,BALKRISIND,BALKRISHNA INDUSTRIES LTD.-$,21 Dec 2017,Bonus issue 1:1,23 Dec 2017,-,-,18 Dec 2017,21 Dec 2017,-
500870,CASTROLIND,CASTROL INDIA LTD.,21 Dec 2017,Bonus issue 1:1,23 Dec 2017,-,-,18 Dec 2017,21 Dec 2017,-
500520,M&M,MAHINDRA & MAHINDRA LTD.,21 Dec 2017,Bonus issue 1:1,23 Dec 2017,-,-,18 Dec 2017,21 Dec 2017,-
511431,VAKRANGEE,Vakrangee Limited-$,21 Dec 2017,Bonus issue 1:1,23 Dec 2017,-,-,18 Dec 2017,21 Dec 2017,-
539841,LANCER,Lancer Container Lines Ltd,03 Jan 2018,Bonus issue 3:5,04 Jan 2018,-,-,28 Dec 2017,03 Jan 2018,-
533321,BILENERGY,BIL ENERGY SYSTEMS LTD.,11 Jan 2018,Bonus issue 1:1,13 Jan 2018,-,-,08 Jan 2018,11 Jan 2018,-
536128,VKJINFRA,VKJ Infradevelopers Ltd,11 Jan 2018,Bonus issue 1:3,13 Jan 2018,-,-,08 Jan 2018,11 Jan 2018,-
507910,FIBERWEB,FIBERWEB (INDIA) LTD.,17 Jan 2018,Bonus issue 1:1,18 Jan 2018,-,-,11 Jan 2018,17 Jan 2018,-
533090,EXCEL,Excel Realty N Infra Ltd,23 Jan 2018,Bonus issue 2:1,24 Jan 2018,-,-,17 Jan 2018,23 Jan 2018,-
512493,GARNETINT,GARNET INTERNATIONAL LTD.,06 Mar 2018,Bonus issue 2:1,07 Mar 2018,-,-,27 Feb 2018,06 Mar 2018,-
539939,YASHCHEM,Yash Chemex Ltd,14 Mar 2018,Bonus issue 3:2,15 Mar 2018,-,-,08 Mar 2018,14 Mar 2018,-
530965,IOC,INDIAN OIL CORPORATION LTD.,15 Mar 2018,Bonus issue 1:1,17 Mar 2018,-,-,12 Mar 2018,15 Mar 2018,-
540394,JDML,Jash Dealmark Ltd,15 Mar 2018,Bonus issue 1:1,17 Mar 2018,-,-,12 Mar 2018,15 Mar 2018,-
526947,LAOPALA,LA OPALA RG LTD.,22 Mar 2018,Bonus issue 1:1,23 Mar 2018,-,-,16 Mar 2018,22 Mar 2018,-
502445,CITADEL,CITADEL REALTY AND DEVELOPERS LTD.,26 Mar 2018,Bonus issue 1:1,27 Mar 2018,-,-,20 Mar 2018,26 Mar 2018,-
532155,GAIL,GAIL (INDIA) LTD.,27 Mar 2018,Bonus issue 1:3,29 Mar 2018,-,-,22 Mar 2018,27 Mar 2018,-
519602,KELLTONTEC,Kellton Tech Solutions Ltd.,27 Mar 2018,Bonus issue 1:1,29 Mar 2018,-,-,22 Mar 2018,27 Mar 2018,-
533106,OIL,OIL INDIA LTD.,27 Mar 2018,Bonus issue 1:2,29 Mar 2018,-,-,22 Mar 2018,27 Mar 2018,-
538731,POWERGYM,Powerhouse Gym & Wellness Ltd,10 Apr 2018,Bonus issue 1:20,11 Apr 2018,-,-,04 Apr 2018,10 Apr 2018,-
539148,SHIVALIK,Shivalik Rasayan Ltd,19 Apr 2018,Bonus issue 1:4,20 Apr 2018,-,-,13 Apr 2018,19 Apr 2018,-
539620,AINFRA,A Infrastructure Ltd,20 Apr 2018,Bonus issue 1:1,23 Apr 2018,-,-,16 Apr 2018,20 Apr 2018,-
539686,KPEL,K.P. Energy Ltd,26 Apr 2018,Bonus issue 3:10,01 May 2018,-,-,24 Apr 2018,26 Apr 2018,-
539428,TEJNAKSH,Tejnaksh Healthcare Ltd,26 Apr 2018,Bonus issue 36:10,28 Apr 2018,-,-,23 Apr 2018,25 Apr 2018,-
513377,MMTC,MMTC LTD.,03 May 2018,Bonus issue 1:2,04 May 2018,-,-,25 Apr 2018,03 May 2018,-
539837,RPEL,Raghav Productivity Enhancers Ltd,08 May 2018,Bonus issue 2:5,09 May 2018,-,-,02 May 2018,08 May 2018,-
539228,GGPL,Gala Global Products Ltd,10 May 2018,Bonus issue 1:20,12 May 2018,-,-,07 May 2018,10 May 2018,-
522014,UNIDT,UNITED DRILLING TOOLS LTD.,10 May 2018,Bonus issue 1:1,12 May 2018,-,-,07 May 2018,10 May 2018,-
507488,GMBREW,G.M.BREWERIES LTD.,21 May 2018,Bonus issue 1:4,22 May 2018,-,-,15 May 2018,21 May 2018,-
501831,COASTCORP,COASTAL CORPORATION LTD.,23 May 2018,Bonus issue 3:1,24 May 2018,-,-,17 May 2018,23 May 2018,-
532540,TCS,TATA CONSULTANCY SERVICES LTD.,31 May 2018,Bonus issue 1:1,02 Jun 2018,-,-,28 May 2018,31 May 2018,-
511288,GRUH,GRUH FINANCE LTD.,06 Jun 2018,Bonus issue 1:1,07 Jun 2018,-,-,31 May 2018,06 Jun 2018,-
500250,LGBBROSLTD,L.G.BALAKRISHNAN & BROS.LTD.,14 Jun 2018,Bonus issue 1:1,16 Jun 2018,-,-,11 Jun 2018,14 Jun 2018,-
532410,TRANSCOR,TRANSCORP INTERNATIONAL LTD.,19 Jun 2018,Bonus issue 1:4,20 Jun 2018,-,-,13 Jun 2018,19 Jun 2018,-
500135,ESSELPRO,ESSEL PROPACK LTD.,20 Jun 2018,Bonus issue 1:1,21 Jun 2018,-,-,14 Jun 2018,20 Jun 2018,-
539798,UMIYA,Umiya Tubes Ltd,20 Jun 2018,Bonus issue 1:3,21 Jun 2018,-,-,14 Jun 2018,20 Jun 2018,-
531162,EMAMILTD,EMAMI LTD.-$,21 Jun 2018,Bonus issue 1:1,22 Jun 2018,-,-,15 Jun 2018,21 Jun 2018,-
533155,JUBLFOOD,Jubilant FoodWorks Ltd,21 Jun 2018,Bonus issue 1:1,23 Jun 2018,-,-,18 Jun 2018,21 Jun 2018,-
524735,HIKAL,HIKAL LTD.,22 Jun 2018,Bonus issue 1:2,25 Jun 2018,-,-,18 Jun 2018,22 Jun 2018,-
512573,AVANTI,AVANTI FEEDS LTD.-$,26 Jun 2018,Bonus issue 1:2,27 Jun 2018,-,-,20 Jun 2018,26 Jun 2018,-
540769,NIACL,The New India Assurance Company Ltd,27 Jun 2018,Bonus issue 1:1,28 Jun 2018,-,-,21 Jun 2018,27 Jun 2018,-
532926,JYOTHYLAB,JYOTHY LABORATORIES LTD.,28 Jun 2018,Bonus issue 1:1,30 Jun 2018,-,-,25 Jun 2018,28 Jun 2018,-
540027,PTIL,Prabhat Telecoms (India) Ltd,28 Jun 2018,Bonus issue 1:5,30 Jun 2018,-,-,25 Jun 2018,28 Jun 2018,-
539217,SRESTHA,Srestha Finvest Ltd,06 Jul 2018,Bonus issue 1:10,09 Jul 2018,-,-,02 Jul 2018,06 Jul 2018,-
532210,CUB,CITY UNION BANK LTD.,10 Jul 2018,Bonus issue 1:10,11 Jul 2018,-,-,04 Jul 2018,10 Jul 2018,-
532539,MINDAIND,MINDA INDUSTRIES LTD.-$,11 Jul 2018,Bonus issue 2:1,12 Jul 2018,-,-,05 Jul 2018,11 Jul 2018,-
533271,ASHOKA,ASHOKA BUILDCON LTD.,12 Jul 2018,Bonus issue 1:2,13 Jul 2018,-,-,06 Jul 2018,12 Jul 2018,-
540755,GICRE,General Insurance Corporation of India,12 Jul 2018,Bonus issue 1:1,14 Jul 2018,-,-,09 Jul 2018,12 Jul 2018,-
522241,MMFL,M.M.FORGINGS LTD.-$,18 Jul 2018,Bonus issue 1:1,19 Jul 2018,-,-,12 Jul 2018,18 Jul 2018,-
502219,BOROSIL,BOROSIL GLASS WORKS LTD.,02 Aug 2018,Bonus issue 3:1,03 Aug 2018,-,-,27 Jul 2018,02 Aug 2018,-
514211,SUMEETINDS,SUMEET INDUSTRIES LTD.-$,02 Aug 2018,Bonus issue 1:4,04 Aug 2018,-,-,30 Jul 2018,02 Aug 2018,-
506414,DIL,DIL LTD.,08 Aug 2018,Bonus issue 1:1,09 Aug 2018,-,-,02 Aug 2018,08 Aug 2018,-
590073,WHEELS,WHEELS INDIA LTD.,08 Aug 2018,Bonus issue 1:1,09 Aug 2018,-,-,02 Aug 2018,08 Aug 2018,-
590003,KARURVYSYA,KARUR VYSYA BANK LTD.,14 Aug 2018,Bonus issue 1:10,18 Aug 2018,-,-,10 Aug 2018,14 Aug 2018,-
526817,CHEVIOT,CHEVIOT CO.LTD.-$,29 Aug 2018,Bonus issue 1:2,30 Aug 2018,-,-,23 Aug 2018,29 Aug 2018,-
500209,INFY,INFOSYS LTD.,04 Sep 2018,Bonus issue 1:1,05 Sep 2018,-,-,29 Aug 2018,04 Sep 2018,-
500660,GLAXO,GLAXOSMITHKLINE PHARMACEUTICALS LTD.,11 Sep 2018,Bonus issue 1:1,13 Sep 2018,-,-,06 Sep 2018,11 Sep 2018,-
532424,GODREJCP,GODREJ CONSUMER PRODUCTS LTD.,12 Sep 2018,Bonus issue 1:2,14 Sep 2018,-,-,06 Sep 2018,12 Sep 2018,-
522108,YUKEN,YUKEN INDIA LTD.-$,12 Sep 2018,Bonus issue 3:1,14 Sep 2018,-,-,06 Sep 2018,12 Sep 2018,-
538794,JETINFRA,Jet Infraventure Ltd,14 Sep 2018,Bonus issue 1:1,17 Sep 2018,-,-,07 Sep 2018,14 Sep 2018,-
540615,7NR,7NR Retail Ltd,17 Sep 2018,Bonus issue 1:2,18 Sep 2018,-,-,10 Sep 2018,17 Sep 2018,-
540730,MEHAI,Mehai Technology Ltd,18 Sep 2018,Bonus issue 1:1,19 Sep 2018,-,-,11 Sep 2018,18 Sep 2018,-
539884,DARSHANORNA,Darshan Orna Ltd,19 Sep 2018,Bonus issue 11:10,21 Sep 2018,-,-,12 Sep 2018,19 Sep 2018,-
511463,ALEXANDER,Alexander Stamps And Coin Ltd,27 Sep 2018,Bonus issue 1:5,28 Sep 2018,-,-,21 Sep 2018,27 Sep 2018,-
517380,IGARASHI,IGARASHI MOTORS INDIA LTD.,27 Sep 2018,Bonus issue 0:0,28 Sep 2018,-,-,21 Sep 2018,27 Sep 2018,-
539098,FILTRA,Filtra Consultants and Engineers Ltd,04 Oct 2018,Bonus issue 1:5,06 Oct 2018,-,-,28 Sep 2018,04 Oct 2018,-
539963,ZEAL,Zeal Aqua Ltd,04 Oct 2018,Bonus issue 2:1,05 Oct 2018,-,-,27 Sep 2018,04 Oct 2018,-
541400,ZIMLAB,Zim Laboratories Ltd,04 Oct 2018,Bonus issue 1:1,06 Oct 2018,-,-,01 Oct 2018,04 Oct 2018,-
540956,BHATIA,Bhatia Communications & Retail (India) Ltd,08 Oct 2018,Bonus issue 1:1,09 Oct 2018,-,-,01 Oct 2018,08 Oct 2018,-
539546,BNL,Beekay Niryat Ltd,08 Oct 2018,Bonus issue 1:1,09 Oct 2018,-,-,01 Oct 2018,08 Oct 2018,-
538891,SIPROJECTS,South India Projects Ltd,09 Oct 2018,Bonus issue 4:1,10 Oct 2018,-,-,03 Oct 2018,09 Oct 2018,-
526519,ALPINEHOU,ALPINE HOUSING DEVELOPMENT CORPORATION LTD.,11 Oct 2018,Bonus issue 1:3,12 Oct 2018,-,-,05 Oct 2018,11 Oct 2018,-
530843,CUPID,CUPID LTD.-$,11 Oct 2018,Bonus issue 1:5,12 Oct 2018,-,-,05 Oct 2018,11 Oct 2018,-
539526,SCTL,Suncare Traders Ltd,11 Oct 2018,Bonus issue 1:1,12 Oct 2018,-,-,05 Oct 2018,11 Oct 2018,-
530697,ZENLABS,Zenlabs Ethica Ltd,11 Oct 2018,Bonus issue 1:20,13 Oct 2018,-,-,08 Oct 2018,11 Oct 2018,-
540147,SHASHIJIT,Shashijit Infraprojects Ltd,12 Oct 2018,Bonus issue 1:5,15 Oct 2018,-,-,08 Oct 2018,12 Oct 2018,-
512341,CESL,CES Limited,22 Oct 2018,Bonus issue 27:1,23 Oct 2018,-,-,15 Oct 2018,22 Oct 2018,-
531471,DUKEOFS,DUKE OFFSHORE LTD.,26 Oct 2018,Bonus issue 1:1,29 Oct 2018,-,-,25 Oct 2018,26 Oct 2018,-
517334,MOTHERSUMI,MOTHERSON SUMI SYSTEMS LTD.,30 Oct 2018,Bonus issue 1:2,31 Oct 2018,-,-,24 Oct 2018,30 Oct 2018,-
539151,ARFIN,Arfin India Ltd,13 Nov 2018,Bonus issue 1:5,14 Nov 2018,-,-,05 Nov 2018,13 Nov 2018,-
539225,JIYAECO,Jiya Eco-Products Ltd,19 Nov 2018,Bonus issue 1:1,21 Nov 2018,-,-,14 Nov 2018,19 Nov 2018,-
539570,OFSTECH,OFS Technologies Ltd,29 Nov 2018,Bonus issue 6:10,01 Dec 2018,-,-,26 Nov 2018,29 Nov 2018,-
500078,OAL,Oriental Aromatics Ltd-$,13 Dec 2018,Bonus issue 1:1,14 Dec 2018,-,-,07 Dec 2018,13 Dec 2018,-
